#
# There is insufficient memory for the Java Runtime Environment to continue.
# Native memory allocation (malloc) failed to allocate 1023536 bytes. Error detail: Chunk::new
# Possible reasons:
#   The system is out of physical RAM or swap space
#   This process is running with CompressedOops enabled, and the Java Heap may be blocking the growth of the native heap
# Possible solutions:
#   Reduce memory load on the system
#   Increase physical memory or swap space
#   Check if swap backing store is full
#   Decrease Java heap size (-Xmx/-Xms)
#   Decrease number of Java threads
#   Decrease Java thread stack sizes (-Xss)
#   Set larger code cache with -XX:ReservedCodeCacheSize=
#   JVM is running with Unscaled Compressed Oops mode in which the Java heap is
#     placed in the first 4GB address space. The Java Heap base address is the
#     maximum limit for the native heap growth. Please use -XX:HeapBaseMinAddress
#     to set the Java Heap base and to place the Java Heap above 4GB virtual address.
# This output file may be truncated or incomplete.
#
#  Out of Memory Error (arena.cpp:168), pid=44288, tid=15332
#
# JRE version: OpenJDK Runtime Environment (21.0.9) (build 21.0.9+-14787801-b1163.94)
# Java VM: OpenJDK 64-Bit Server VM (21.0.9+-14787801-b1163.94, mixed mode, tiered, compressed oops, compressed class ptrs, g1 gc, windows-amd64)
# No core dump will be written. Minidumps are not enabled by default on client versions of Windows
#

---------------  S U M M A R Y ------------

Command Line: -Djava.awt.headless=true -Djava.library.path=D:\Program Files\Android\Android Studio\jbr\bin;C:\WINDOWS\Sun\Java\bin;C:\WINDOWS\system32;C:\WINDOWS;C:\Program Files\Git\mingw64\bin;C:\Program Files\Git\usr\bin;C:\Users\SAMSUNG\bin;C:\Python314\Scripts;C:\Python314;C:\Program Files\Java\jdk-8.0.412.8-hotspot\bin;C:\WINDOWS\system32;C:\WINDOWS;C:\WINDOWS\System32\Wbem;C:\WINDOWS\System32\WindowsPowerShell\v1.0;C:\WINDOWS\System32\OpenSSH;C:\Program Files\Bandizip;C:\ProgramData\Anaconda3;C:\ProgramData\Anaconda3\Scripts;C:\ProgramData\Anaconda3\Library\bin;C:\ProgramData\Anaconda3\Library\mingw-w64\bin;C:\Program Files (x86)\Windows Kits\10\Windows Performance Toolkit;C:\MinGW\bin;C:\Program Files\PuTTY;C:\Program Files (x86)\Microsoft SQL Server\160\Tools\Binn;C:\Program Files\Microsoft SQL Server\160\Tools\Binn;C:\Program Files\Microsoft SQL Server\Client SDK\ODBC\170\Tools\Binn;C:\Program Files\Microsoft SQL Server\160\DTS\Binn;C:\ProgramData\chocolatey\bin;D:\cursor\resources\app\bin;C:\Program Files\Pandoc;C:\Program Files\Tailscale;C:\Program Files\Docker\Docker\resources\bin;C:\Program Files\Git\cmd;C:\Program Files\GitHub CLI;D:\Program Files\nodejs;C:\Program Files\Redis;D:\Users\SAMSUNG\AppData\Local\Programs\Eclipse Adoptium\jdk-25.0.2.10-hotspot\bin;C:\Users\SAMSUNG\AppData\Local\pnpm;C:\Users\SAMSUNG\AppData\Local\pnpm;C:\Users\SAMSUNG\.cargo\bin;C:\Users\SAMSUNG\AppData\Local\Programs\Python\Python311\Scripts;C:\Users\SAMSUNG\AppData\Local\Programs\Python\Python311;C:\Users\SAMSUNG\AppData\Local\Programs\Python\Python310\Scripts;C:\Users\SAMSUNG\AppData\Local\Programs\Python\Python310;C:\Users\SAMSUNG\AppData\Local\Programs\Python\Python312\Scripts;C:\Users\SAMSUNG\AppData\Local\Programs\Python\Python312;C:\Users\SAMSUNG\AppData\Local\Microsoft\WindowsApps;C:\Users\SAMSUNG\Desktop\Microsoft VS Code\bin;C:\Program Files\JetBrains\PyCharm Community Edition 2023.3.1\bin;D:\Nmap;C:\Program Files\JetBrains\IntelliJ IDEA Community Edition 2024.1.4\bin;C:\Users\SAMSUNG\AppData\Local\P-Djdk.attach.allowAttachSelf=true -Dorg.gradle.internal.worker.tmpdir=D:\gradle-builds\ezmap-app\tmp\testDebugUnitTest\work --add-opens=java.base/java.io=ALL-UNNAMED -Xmx512m -Dfile.encoding=UTF-8 -Duser.country=KR -Duser.language=ko -Duser.variant -ea worker.org.gradle.process.internal.worker.GradleWorkerMain 'Gradle Test Executor 20'

Host: 13th Gen Intel(R) Core(TM) i5-1335U, 12 cores, 15G,  Windows 11 , 64 bit Build 26100 (10.0.26100.7920)
Time: Wed Apr  1 10:09:21 2026 elapsed time: 8.915224 seconds (0d 0h 0m 8s)

---------------  T H R E A D  ---------------

Current thread (0x0000022ca0279dc0):  JavaThread "C2 CompilerThread0" daemon [_thread_in_native, id=15332, stack(0x0000004f2b600000,0x0000004f2b700000) (1024K)]


Current CompileTask:
C2:8915  768       4       java.util.zip.ZipFile$Source::initCEN (612 bytes)

Stack: [0x0000004f2b600000,0x0000004f2b700000]
Native frames: (J=compiled Java code, j=interpreted, Vv=VM code, C=native code)
V  [jvm.dll+0x6d6c99]
V  [jvm.dll+0x866b83]
V  [jvm.dll+0x8691ae]
V  [jvm.dll+0x869893]
V  [jvm.dll+0x280776]
V  [jvm.dll+0xc07cd]
V  [jvm.dll+0xc0d03]
V  [jvm.dll+0x3b9831]
V  [jvm.dll+0x3856a7]
V  [jvm.dll+0x384b1a]
V  [jvm.dll+0x249462]
V  [jvm.dll+0x248a31]
V  [jvm.dll+0x1c7344]
V  [jvm.dll+0x2581ae]
V  [jvm.dll+0x2566f6]
V  [jvm.dll+0x3f48a6]
V  [jvm.dll+0x80f118]
V  [jvm.dll+0x6d54ed]
C  [ucrtbase.dll+0x37b0]
C  [KERNEL32.DLL+0x2e8d7]
C  [ntdll.dll+0x8c48c]


---------------  P R O C E S S  ---------------

Threads class SMR info:
_java_thread_list=0x0000022ca0798d00, length=11, elements={
0x0000022c8805a8c0, 0x0000022ca023e6e0, 0x0000022ca023f3d0, 0x0000022ca023fe30,
0x0000022ca0264a50, 0x0000022ca026f320, 0x0000022ca02708f0, 0x0000022ca0279360,
0x0000022ca0279dc0, 0x0000022ca027ac60, 0x0000022ca05447e0
}

Java Threads: ( => current thread )
  0x0000022c8805a8c0 JavaThread "main"                              [_thread_in_vm, id=20576, stack(0x0000004f2a700000,0x0000004f2a800000) (1024K)]
  0x0000022ca023e6e0 JavaThread "Common-Cleaner"             daemon [_thread_blocked, id=30356, stack(0x0000004f2af00000,0x0000004f2b000000) (1024K)]
  0x0000022ca023f3d0 JavaThread "Reference Handler"          daemon [_thread_blocked, id=26112, stack(0x0000004f2b000000,0x0000004f2b100000) (1024K)]
  0x0000022ca023fe30 JavaThread "Finalizer"                  daemon [_thread_blocked, id=34408, stack(0x0000004f2b100000,0x0000004f2b200000) (1024K)]
  0x0000022ca0264a50 JavaThread "Signal Dispatcher"          daemon [_thread_blocked, id=26268, stack(0x0000004f2b200000,0x0000004f2b300000) (1024K)]
  0x0000022ca026f320 JavaThread "Attach Listener"            daemon [_thread_blocked, id=43188, stack(0x0000004f2b300000,0x0000004f2b400000) (1024K)]
  0x0000022ca02708f0 JavaThread "Service Thread"             daemon [_thread_blocked, id=10844, stack(0x0000004f2b400000,0x0000004f2b500000) (1024K)]
  0x0000022ca0279360 JavaThread "Monitor Deflation Thread"   daemon [_thread_blocked, id=44196, stack(0x0000004f2b500000,0x0000004f2b600000) (1024K)]
=>0x0000022ca0279dc0 JavaThread "C2 CompilerThread0"         daemon [_thread_in_native, id=15332, stack(0x0000004f2b600000,0x0000004f2b700000) (1024K)]
  0x0000022ca027ac60 JavaThread "C1 CompilerThread0"         daemon [_thread_blocked, id=40332, stack(0x0000004f2b700000,0x0000004f2b800000) (1024K)]
  0x0000022ca05447e0 JavaThread "Notification Thread"        daemon [_thread_blocked, id=23072, stack(0x0000004f2b800000,0x0000004f2b900000) (1024K)]
Total: 11

Other Threads:
  0x0000022ca018d080 VMThread "VM Thread"                           [id=42052, stack(0x0000004f2ae00000,0x0000004f2af00000) (1024K)]
  0x0000022c9fffd3b0 WatcherThread "VM Periodic Task Thread"        [id=24628, stack(0x0000004f2ad00000,0x0000004f2ae00000) (1024K)]
  0x0000022c8a306460 WorkerThread "GC Thread#0"                     [id=28104, stack(0x0000004f2a800000,0x0000004f2a900000) (1024K)]
  0x0000022c8a30b5a0 ConcurrentGCThread "G1 Main Marker"            [id=3224, stack(0x0000004f2a900000,0x0000004f2aa00000) (1024K)]
  0x0000022c8a30dc30 WorkerThread "G1 Conc#0"                       [id=24428, stack(0x0000004f2aa00000,0x0000004f2ab00000) (1024K)]
  0x0000022c8a37eba0 ConcurrentGCThread "G1 Refine#0"               [id=11044, stack(0x0000004f2ab00000,0x0000004f2ac00000) (1024K)]
  0x0000022c9fed1860 ConcurrentGCThread "G1 Service"                [id=31412, stack(0x0000004f2ac00000,0x0000004f2ad00000) (1024K)]
Total: 7

Threads with active compile tasks:
C2 CompilerThread0  9965  768       4       java.util.zip.ZipFile$Source::initCEN (612 bytes)
Total: 1

VM state: not at safepoint (normal execution)

VM Mutex/Monitor currently owned by a thread:  ([mutex/lock_event])
[0x00007ffaf4926490] Metaspace_lock - owner thread: 0x0000022c8805a8c0

Heap address: 0x00000000e0000000, size: 512 MB, Compressed Oops mode: 32-bit

CDS archive(s) not mapped
Compressed class space mapped at: 0x0000000100000000-0x0000000140000000, reserved size: 1073741824
Narrow klass base: 0x0000000000000000, Narrow klass shift: 3, Narrow klass range: 0x140000000

GC Precious Log:
 CardTable entry size: 512
 Card Set container configuration: InlinePtr #cards 5 size 8 Array Of Cards #cards 12 size 40 Howl #buckets 4 coarsen threshold 1843 Howl Bitmap #cards 512 size 80 coarsen threshold 460 Card regions per heap region 1 cards per card region 2048
 CPUs: 12 total, 12 available
 Memory: 16064M
 Large Page Support: Disabled
 NUMA Support: Disabled
 Compressed Oops: Enabled (32-bit)
 Heap Region Size: 1M
 Heap Min Capacity: 8M
 Heap Initial Capacity: 252M
 Heap Max Capacity: 512M
 Pre-touch: Disabled
 Parallel Workers: 10
 Concurrent Workers: 3
 Concurrent Refinement Workers: 10
 Periodic GC: Disabled

Heap:
 garbage-first heap   total 258048K, used 18432K [0x00000000e0000000, 0x0000000100000000)
  region size 1024K, 16 young (16384K), 0 survivors (0K)
 Metaspace       used 9324K, committed 9472K, reserved 1114112K
  class space    used 886K, committed 960K, reserved 1048576K

Heap Regions: E=young(eden), S=young(survivor), O=old, HS=humongous(starts), HC=humongous(continues), CS=collection set, F=free, TAMS=top-at-mark-start, PB=parsable bottom
|   0|0x00000000e0000000, 0x00000000e0100000, 0x00000000e0100000|100%|HS|  |TAMS 0x00000000e0000000| PB 0x00000000e0000000| Complete 
|   1|0x00000000e0100000, 0x00000000e0200000, 0x00000000e0200000|100%|HC|  |TAMS 0x00000000e0100000| PB 0x00000000e0100000| Complete 
|   2|0x00000000e0200000, 0x00000000e0300000, 0x00000000e0300000|100%|HS|  |TAMS 0x00000000e0200000| PB 0x00000000e0200000| Complete 
|   3|0x00000000e0300000, 0x00000000e0400000, 0x00000000e0400000|100%|HC|  |TAMS 0x00000000e0300000| PB 0x00000000e0300000| Complete 
|   4|0x00000000e0400000, 0x00000000e0400000, 0x00000000e0500000|  0%| F|  |TAMS 0x00000000e0400000| PB 0x00000000e0400000| Untracked 
|   5|0x00000000e0500000, 0x00000000e0500000, 0x00000000e0600000|  0%| F|  |TAMS 0x00000000e0500000| PB 0x00000000e0500000| Untracked 
|   6|0x00000000e0600000, 0x00000000e0600000, 0x00000000e0700000|  0%| F|  |TAMS 0x00000000e0600000| PB 0x00000000e0600000| Untracked 
|   7|0x00000000e0700000, 0x00000000e0700000, 0x00000000e0800000|  0%| F|  |TAMS 0x00000000e0700000| PB 0x00000000e0700000| Untracked 
|   8|0x00000000e0800000, 0x00000000e0800000, 0x00000000e0900000|  0%| F|  |TAMS 0x00000000e0800000| PB 0x00000000e0800000| Untracked 
|   9|0x00000000e0900000, 0x00000000e0900000, 0x00000000e0a00000|  0%| F|  |TAMS 0x00000000e0900000| PB 0x00000000e0900000| Untracked 
|  10|0x00000000e0a00000, 0x00000000e0a00000, 0x00000000e0b00000|  0%| F|  |TAMS 0x00000000e0a00000| PB 0x00000000e0a00000| Untracked 
|  11|0x00000000e0b00000, 0x00000000e0b00000, 0x00000000e0c00000|  0%| F|  |TAMS 0x00000000e0b00000| PB 0x00000000e0b00000| Untracked 
|  12|0x00000000e0c00000, 0x00000000e0c00000, 0x00000000e0d00000|  0%| F|  |TAMS 0x00000000e0c00000| PB 0x00000000e0c00000| Untracked 
|  13|0x00000000e0d00000, 0x00000000e0d00000, 0x00000000e0e00000|  0%| F|  |TAMS 0x00000000e0d00000| PB 0x00000000e0d00000| Untracked 
|  14|0x00000000e0e00000, 0x00000000e0e00000, 0x00000000e0f00000|  0%| F|  |TAMS 0x00000000e0e00000| PB 0x00000000e0e00000| Untracked 
|  15|0x00000000e0f00000, 0x00000000e0f00000, 0x00000000e1000000|  0%| F|  |TAMS 0x00000000e0f00000| PB 0x00000000e0f00000| Untracked 
|  16|0x00000000e1000000, 0x00000000e1000000, 0x00000000e1100000|  0%| F|  |TAMS 0x00000000e1000000| PB 0x00000000e1000000| Untracked 
|  17|0x00000000e1100000, 0x00000000e1100000, 0x00000000e1200000|  0%| F|  |TAMS 0x00000000e1100000| PB 0x00000000e1100000| Untracked 
|  18|0x00000000e1200000, 0x00000000e1200000, 0x00000000e1300000|  0%| F|  |TAMS 0x00000000e1200000| PB 0x00000000e1200000| Untracked 
|  19|0x00000000e1300000, 0x00000000e1300000, 0x00000000e1400000|  0%| F|  |TAMS 0x00000000e1300000| PB 0x00000000e1300000| Untracked 
|  20|0x00000000e1400000, 0x00000000e1400000, 0x00000000e1500000|  0%| F|  |TAMS 0x00000000e1400000| PB 0x00000000e1400000| Untracked 
|  21|0x00000000e1500000, 0x00000000e1500000, 0x00000000e1600000|  0%| F|  |TAMS 0x00000000e1500000| PB 0x00000000e1500000| Untracked 
|  22|0x00000000e1600000, 0x00000000e1600000, 0x00000000e1700000|  0%| F|  |TAMS 0x00000000e1600000| PB 0x00000000e1600000| Untracked 
|  23|0x00000000e1700000, 0x00000000e1700000, 0x00000000e1800000|  0%| F|  |TAMS 0x00000000e1700000| PB 0x00000000e1700000| Untracked 
|  24|0x00000000e1800000, 0x00000000e1800000, 0x00000000e1900000|  0%| F|  |TAMS 0x00000000e1800000| PB 0x00000000e1800000| Untracked 
|  25|0x00000000e1900000, 0x00000000e1900000, 0x00000000e1a00000|  0%| F|  |TAMS 0x00000000e1900000| PB 0x00000000e1900000| Untracked 
|  26|0x00000000e1a00000, 0x00000000e1a00000, 0x00000000e1b00000|  0%| F|  |TAMS 0x00000000e1a00000| PB 0x00000000e1a00000| Untracked 
|  27|0x00000000e1b00000, 0x00000000e1b00000, 0x00000000e1c00000|  0%| F|  |TAMS 0x00000000e1b00000| PB 0x00000000e1b00000| Untracked 
|  28|0x00000000e1c00000, 0x00000000e1c00000, 0x00000000e1d00000|  0%| F|  |TAMS 0x00000000e1c00000| PB 0x00000000e1c00000| Untracked 
|  29|0x00000000e1d00000, 0x00000000e1d00000, 0x00000000e1e00000|  0%| F|  |TAMS 0x00000000e1d00000| PB 0x00000000e1d00000| Untracked 
|  30|0x00000000e1e00000, 0x00000000e1e00000, 0x00000000e1f00000|  0%| F|  |TAMS 0x00000000e1e00000| PB 0x00000000e1e00000| Untracked 
|  31|0x00000000e1f00000, 0x00000000e1f00000, 0x00000000e2000000|  0%| F|  |TAMS 0x00000000e1f00000| PB 0x00000000e1f00000| Untracked 
|  32|0x00000000e2000000, 0x00000000e2000000, 0x00000000e2100000|  0%| F|  |TAMS 0x00000000e2000000| PB 0x00000000e2000000| Untracked 
|  33|0x00000000e2100000, 0x00000000e2100000, 0x00000000e2200000|  0%| F|  |TAMS 0x00000000e2100000| PB 0x00000000e2100000| Untracked 
|  34|0x00000000e2200000, 0x00000000e2200000, 0x00000000e2300000|  0%| F|  |TAMS 0x00000000e2200000| PB 0x00000000e2200000| Untracked 
|  35|0x00000000e2300000, 0x00000000e2300000, 0x00000000e2400000|  0%| F|  |TAMS 0x00000000e2300000| PB 0x00000000e2300000| Untracked 
|  36|0x00000000e2400000, 0x00000000e2400000, 0x00000000e2500000|  0%| F|  |TAMS 0x00000000e2400000| PB 0x00000000e2400000| Untracked 
|  37|0x00000000e2500000, 0x00000000e2500000, 0x00000000e2600000|  0%| F|  |TAMS 0x00000000e2500000| PB 0x00000000e2500000| Untracked 
|  38|0x00000000e2600000, 0x00000000e2600000, 0x00000000e2700000|  0%| F|  |TAMS 0x00000000e2600000| PB 0x00000000e2600000| Untracked 
|  39|0x00000000e2700000, 0x00000000e2700000, 0x00000000e2800000|  0%| F|  |TAMS 0x00000000e2700000| PB 0x00000000e2700000| Untracked 
|  40|0x00000000e2800000, 0x00000000e2800000, 0x00000000e2900000|  0%| F|  |TAMS 0x00000000e2800000| PB 0x00000000e2800000| Untracked 
|  41|0x00000000e2900000, 0x00000000e2900000, 0x00000000e2a00000|  0%| F|  |TAMS 0x00000000e2900000| PB 0x00000000e2900000| Untracked 
|  42|0x00000000e2a00000, 0x00000000e2a00000, 0x00000000e2b00000|  0%| F|  |TAMS 0x00000000e2a00000| PB 0x00000000e2a00000| Untracked 
|  43|0x00000000e2b00000, 0x00000000e2b00000, 0x00000000e2c00000|  0%| F|  |TAMS 0x00000000e2b00000| PB 0x00000000e2b00000| Untracked 
|  44|0x00000000e2c00000, 0x00000000e2c00000, 0x00000000e2d00000|  0%| F|  |TAMS 0x00000000e2c00000| PB 0x00000000e2c00000| Untracked 
|  45|0x00000000e2d00000, 0x00000000e2d00000, 0x00000000e2e00000|  0%| F|  |TAMS 0x00000000e2d00000| PB 0x00000000e2d00000| Untracked 
|  46|0x00000000e2e00000, 0x00000000e2e00000, 0x00000000e2f00000|  0%| F|  |TAMS 0x00000000e2e00000| PB 0x00000000e2e00000| Untracked 
|  47|0x00000000e2f00000, 0x00000000e2f00000, 0x00000000e3000000|  0%| F|  |TAMS 0x00000000e2f00000| PB 0x00000000e2f00000| Untracked 
|  48|0x00000000e3000000, 0x00000000e3000000, 0x00000000e3100000|  0%| F|  |TAMS 0x00000000e3000000| PB 0x00000000e3000000| Untracked 
|  49|0x00000000e3100000, 0x00000000e3100000, 0x00000000e3200000|  0%| F|  |TAMS 0x00000000e3100000| PB 0x00000000e3100000| Untracked 
|  50|0x00000000e3200000, 0x00000000e3200000, 0x00000000e3300000|  0%| F|  |TAMS 0x00000000e3200000| PB 0x00000000e3200000| Untracked 
|  51|0x00000000e3300000, 0x00000000e3300000, 0x00000000e3400000|  0%| F|  |TAMS 0x00000000e3300000| PB 0x00000000e3300000| Untracked 
|  52|0x00000000e3400000, 0x00000000e3400000, 0x00000000e3500000|  0%| F|  |TAMS 0x00000000e3400000| PB 0x00000000e3400000| Untracked 
|  53|0x00000000e3500000, 0x00000000e3500000, 0x00000000e3600000|  0%| F|  |TAMS 0x00000000e3500000| PB 0x00000000e3500000| Untracked 
|  54|0x00000000e3600000, 0x00000000e3600000, 0x00000000e3700000|  0%| F|  |TAMS 0x00000000e3600000| PB 0x00000000e3600000| Untracked 
|  55|0x00000000e3700000, 0x00000000e3700000, 0x00000000e3800000|  0%| F|  |TAMS 0x00000000e3700000| PB 0x00000000e3700000| Untracked 
|  56|0x00000000e3800000, 0x00000000e3800000, 0x00000000e3900000|  0%| F|  |TAMS 0x00000000e3800000| PB 0x00000000e3800000| Untracked 
|  57|0x00000000e3900000, 0x00000000e3900000, 0x00000000e3a00000|  0%| F|  |TAMS 0x00000000e3900000| PB 0x00000000e3900000| Untracked 
|  58|0x00000000e3a00000, 0x00000000e3a00000, 0x00000000e3b00000|  0%| F|  |TAMS 0x00000000e3a00000| PB 0x00000000e3a00000| Untracked 
|  59|0x00000000e3b00000, 0x00000000e3b00000, 0x00000000e3c00000|  0%| F|  |TAMS 0x00000000e3b00000| PB 0x00000000e3b00000| Untracked 
|  60|0x00000000e3c00000, 0x00000000e3c00000, 0x00000000e3d00000|  0%| F|  |TAMS 0x00000000e3c00000| PB 0x00000000e3c00000| Untracked 
|  61|0x00000000e3d00000, 0x00000000e3d00000, 0x00000000e3e00000|  0%| F|  |TAMS 0x00000000e3d00000| PB 0x00000000e3d00000| Untracked 
|  62|0x00000000e3e00000, 0x00000000e3e00000, 0x00000000e3f00000|  0%| F|  |TAMS 0x00000000e3e00000| PB 0x00000000e3e00000| Untracked 
|  63|0x00000000e3f00000, 0x00000000e3f00000, 0x00000000e4000000|  0%| F|  |TAMS 0x00000000e3f00000| PB 0x00000000e3f00000| Untracked 
|  64|0x00000000e4000000, 0x00000000e4000000, 0x00000000e4100000|  0%| F|  |TAMS 0x00000000e4000000| PB 0x00000000e4000000| Untracked 
|  65|0x00000000e4100000, 0x00000000e4100000, 0x00000000e4200000|  0%| F|  |TAMS 0x00000000e4100000| PB 0x00000000e4100000| Untracked 
|  66|0x00000000e4200000, 0x00000000e4200000, 0x00000000e4300000|  0%| F|  |TAMS 0x00000000e4200000| PB 0x00000000e4200000| Untracked 
|  67|0x00000000e4300000, 0x00000000e4300000, 0x00000000e4400000|  0%| F|  |TAMS 0x00000000e4300000| PB 0x00000000e4300000| Untracked 
|  68|0x00000000e4400000, 0x00000000e4400000, 0x00000000e4500000|  0%| F|  |TAMS 0x00000000e4400000| PB 0x00000000e4400000| Untracked 
|  69|0x00000000e4500000, 0x00000000e4500000, 0x00000000e4600000|  0%| F|  |TAMS 0x00000000e4500000| PB 0x00000000e4500000| Untracked 
|  70|0x00000000e4600000, 0x00000000e4600000, 0x00000000e4700000|  0%| F|  |TAMS 0x00000000e4600000| PB 0x00000000e4600000| Untracked 
|  71|0x00000000e4700000, 0x00000000e4700000, 0x00000000e4800000|  0%| F|  |TAMS 0x00000000e4700000| PB 0x00000000e4700000| Untracked 
|  72|0x00000000e4800000, 0x00000000e4800000, 0x00000000e4900000|  0%| F|  |TAMS 0x00000000e4800000| PB 0x00000000e4800000| Untracked 
|  73|0x00000000e4900000, 0x00000000e4900000, 0x00000000e4a00000|  0%| F|  |TAMS 0x00000000e4900000| PB 0x00000000e4900000| Untracked 
|  74|0x00000000e4a00000, 0x00000000e4a00000, 0x00000000e4b00000|  0%| F|  |TAMS 0x00000000e4a00000| PB 0x00000000e4a00000| Untracked 
|  75|0x00000000e4b00000, 0x00000000e4b00000, 0x00000000e4c00000|  0%| F|  |TAMS 0x00000000e4b00000| PB 0x00000000e4b00000| Untracked 
|  76|0x00000000e4c00000, 0x00000000e4c00000, 0x00000000e4d00000|  0%| F|  |TAMS 0x00000000e4c00000| PB 0x00000000e4c00000| Untracked 
|  77|0x00000000e4d00000, 0x00000000e4d00000, 0x00000000e4e00000|  0%| F|  |TAMS 0x00000000e4d00000| PB 0x00000000e4d00000| Untracked 
|  78|0x00000000e4e00000, 0x00000000e4e00000, 0x00000000e4f00000|  0%| F|  |TAMS 0x00000000e4e00000| PB 0x00000000e4e00000| Untracked 
|  79|0x00000000e4f00000, 0x00000000e4f00000, 0x00000000e5000000|  0%| F|  |TAMS 0x00000000e4f00000| PB 0x00000000e4f00000| Untracked 
|  80|0x00000000e5000000, 0x00000000e5000000, 0x00000000e5100000|  0%| F|  |TAMS 0x00000000e5000000| PB 0x00000000e5000000| Untracked 
|  81|0x00000000e5100000, 0x00000000e5100000, 0x00000000e5200000|  0%| F|  |TAMS 0x00000000e5100000| PB 0x00000000e5100000| Untracked 
|  82|0x00000000e5200000, 0x00000000e5200000, 0x00000000e5300000|  0%| F|  |TAMS 0x00000000e5200000| PB 0x00000000e5200000| Untracked 
|  83|0x00000000e5300000, 0x00000000e5300000, 0x00000000e5400000|  0%| F|  |TAMS 0x00000000e5300000| PB 0x00000000e5300000| Untracked 
|  84|0x00000000e5400000, 0x00000000e5400000, 0x00000000e5500000|  0%| F|  |TAMS 0x00000000e5400000| PB 0x00000000e5400000| Untracked 
|  85|0x00000000e5500000, 0x00000000e5500000, 0x00000000e5600000|  0%| F|  |TAMS 0x00000000e5500000| PB 0x00000000e5500000| Untracked 
|  86|0x00000000e5600000, 0x00000000e5600000, 0x00000000e5700000|  0%| F|  |TAMS 0x00000000e5600000| PB 0x00000000e5600000| Untracked 
|  87|0x00000000e5700000, 0x00000000e5700000, 0x00000000e5800000|  0%| F|  |TAMS 0x00000000e5700000| PB 0x00000000e5700000| Untracked 
|  88|0x00000000e5800000, 0x00000000e5800000, 0x00000000e5900000|  0%| F|  |TAMS 0x00000000e5800000| PB 0x00000000e5800000| Untracked 
|  89|0x00000000e5900000, 0x00000000e5900000, 0x00000000e5a00000|  0%| F|  |TAMS 0x00000000e5900000| PB 0x00000000e5900000| Untracked 
|  90|0x00000000e5a00000, 0x00000000e5a00000, 0x00000000e5b00000|  0%| F|  |TAMS 0x00000000e5a00000| PB 0x00000000e5a00000| Untracked 
|  91|0x00000000e5b00000, 0x00000000e5b00000, 0x00000000e5c00000|  0%| F|  |TAMS 0x00000000e5b00000| PB 0x00000000e5b00000| Untracked 
|  92|0x00000000e5c00000, 0x00000000e5c00000, 0x00000000e5d00000|  0%| F|  |TAMS 0x00000000e5c00000| PB 0x00000000e5c00000| Untracked 
|  93|0x00000000e5d00000, 0x00000000e5d00000, 0x00000000e5e00000|  0%| F|  |TAMS 0x00000000e5d00000| PB 0x00000000e5d00000| Untracked 
|  94|0x00000000e5e00000, 0x00000000e5e00000, 0x00000000e5f00000|  0%| F|  |TAMS 0x00000000e5e00000| PB 0x00000000e5e00000| Untracked 
|  95|0x00000000e5f00000, 0x00000000e5f00000, 0x00000000e6000000|  0%| F|  |TAMS 0x00000000e5f00000| PB 0x00000000e5f00000| Untracked 
|  96|0x00000000e6000000, 0x00000000e6000000, 0x00000000e6100000|  0%| F|  |TAMS 0x00000000e6000000| PB 0x00000000e6000000| Untracked 
|  97|0x00000000e6100000, 0x00000000e6100000, 0x00000000e6200000|  0%| F|  |TAMS 0x00000000e6100000| PB 0x00000000e6100000| Untracked 
|  98|0x00000000e6200000, 0x00000000e6200000, 0x00000000e6300000|  0%| F|  |TAMS 0x00000000e6200000| PB 0x00000000e6200000| Untracked 
|  99|0x00000000e6300000, 0x00000000e6300000, 0x00000000e6400000|  0%| F|  |TAMS 0x00000000e6300000| PB 0x00000000e6300000| Untracked 
| 100|0x00000000e6400000, 0x00000000e6400000, 0x00000000e6500000|  0%| F|  |TAMS 0x00000000e6400000| PB 0x00000000e6400000| Untracked 
| 101|0x00000000e6500000, 0x00000000e6500000, 0x00000000e6600000|  0%| F|  |TAMS 0x00000000e6500000| PB 0x00000000e6500000| Untracked 
| 102|0x00000000e6600000, 0x00000000e6600000, 0x00000000e6700000|  0%| F|  |TAMS 0x00000000e6600000| PB 0x00000000e6600000| Untracked 
| 103|0x00000000e6700000, 0x00000000e6700000, 0x00000000e6800000|  0%| F|  |TAMS 0x00000000e6700000| PB 0x00000000e6700000| Untracked 
| 104|0x00000000e6800000, 0x00000000e6800000, 0x00000000e6900000|  0%| F|  |TAMS 0x00000000e6800000| PB 0x00000000e6800000| Untracked 
| 105|0x00000000e6900000, 0x00000000e6900000, 0x00000000e6a00000|  0%| F|  |TAMS 0x00000000e6900000| PB 0x00000000e6900000| Untracked 
| 106|0x00000000e6a00000, 0x00000000e6a00000, 0x00000000e6b00000|  0%| F|  |TAMS 0x00000000e6a00000| PB 0x00000000e6a00000| Untracked 
| 107|0x00000000e6b00000, 0x00000000e6b00000, 0x00000000e6c00000|  0%| F|  |TAMS 0x00000000e6b00000| PB 0x00000000e6b00000| Untracked 
| 108|0x00000000e6c00000, 0x00000000e6c00000, 0x00000000e6d00000|  0%| F|  |TAMS 0x00000000e6c00000| PB 0x00000000e6c00000| Untracked 
| 109|0x00000000e6d00000, 0x00000000e6d00000, 0x00000000e6e00000|  0%| F|  |TAMS 0x00000000e6d00000| PB 0x00000000e6d00000| Untracked 
| 110|0x00000000e6e00000, 0x00000000e6e00000, 0x00000000e6f00000|  0%| F|  |TAMS 0x00000000e6e00000| PB 0x00000000e6e00000| Untracked 
| 111|0x00000000e6f00000, 0x00000000e6f00000, 0x00000000e7000000|  0%| F|  |TAMS 0x00000000e6f00000| PB 0x00000000e6f00000| Untracked 
| 112|0x00000000e7000000, 0x00000000e7000000, 0x00000000e7100000|  0%| F|  |TAMS 0x00000000e7000000| PB 0x00000000e7000000| Untracked 
| 113|0x00000000e7100000, 0x00000000e7100000, 0x00000000e7200000|  0%| F|  |TAMS 0x00000000e7100000| PB 0x00000000e7100000| Untracked 
| 114|0x00000000e7200000, 0x00000000e7200000, 0x00000000e7300000|  0%| F|  |TAMS 0x00000000e7200000| PB 0x00000000e7200000| Untracked 
| 115|0x00000000e7300000, 0x00000000e7300000, 0x00000000e7400000|  0%| F|  |TAMS 0x00000000e7300000| PB 0x00000000e7300000| Untracked 
| 116|0x00000000e7400000, 0x00000000e7400000, 0x00000000e7500000|  0%| F|  |TAMS 0x00000000e7400000| PB 0x00000000e7400000| Untracked 
| 117|0x00000000e7500000, 0x00000000e7500000, 0x00000000e7600000|  0%| F|  |TAMS 0x00000000e7500000| PB 0x00000000e7500000| Untracked 
| 118|0x00000000e7600000, 0x00000000e7600000, 0x00000000e7700000|  0%| F|  |TAMS 0x00000000e7600000| PB 0x00000000e7600000| Untracked 
| 119|0x00000000e7700000, 0x00000000e7700000, 0x00000000e7800000|  0%| F|  |TAMS 0x00000000e7700000| PB 0x00000000e7700000| Untracked 
| 120|0x00000000e7800000, 0x00000000e7800000, 0x00000000e7900000|  0%| F|  |TAMS 0x00000000e7800000| PB 0x00000000e7800000| Untracked 
| 121|0x00000000e7900000, 0x00000000e7900000, 0x00000000e7a00000|  0%| F|  |TAMS 0x00000000e7900000| PB 0x00000000e7900000| Untracked 
| 122|0x00000000e7a00000, 0x00000000e7a00000, 0x00000000e7b00000|  0%| F|  |TAMS 0x00000000e7a00000| PB 0x00000000e7a00000| Untracked 
| 123|0x00000000e7b00000, 0x00000000e7b00000, 0x00000000e7c00000|  0%| F|  |TAMS 0x00000000e7b00000| PB 0x00000000e7b00000| Untracked 
| 124|0x00000000e7c00000, 0x00000000e7c00000, 0x00000000e7d00000|  0%| F|  |TAMS 0x00000000e7c00000| PB 0x00000000e7c00000| Untracked 
| 125|0x00000000e7d00000, 0x00000000e7d00000, 0x00000000e7e00000|  0%| F|  |TAMS 0x00000000e7d00000| PB 0x00000000e7d00000| Untracked 
| 126|0x00000000e7e00000, 0x00000000e7e00000, 0x00000000e7f00000|  0%| F|  |TAMS 0x00000000e7e00000| PB 0x00000000e7e00000| Untracked 
| 127|0x00000000e7f00000, 0x00000000e7f00000, 0x00000000e8000000|  0%| F|  |TAMS 0x00000000e7f00000| PB 0x00000000e7f00000| Untracked 
| 128|0x00000000e8000000, 0x00000000e8000000, 0x00000000e8100000|  0%| F|  |TAMS 0x00000000e8000000| PB 0x00000000e8000000| Untracked 
| 129|0x00000000e8100000, 0x00000000e8100000, 0x00000000e8200000|  0%| F|  |TAMS 0x00000000e8100000| PB 0x00000000e8100000| Untracked 
| 130|0x00000000e8200000, 0x00000000e8200000, 0x00000000e8300000|  0%| F|  |TAMS 0x00000000e8200000| PB 0x00000000e8200000| Untracked 
| 131|0x00000000e8300000, 0x00000000e8300000, 0x00000000e8400000|  0%| F|  |TAMS 0x00000000e8300000| PB 0x00000000e8300000| Untracked 
| 132|0x00000000e8400000, 0x00000000e8400000, 0x00000000e8500000|  0%| F|  |TAMS 0x00000000e8400000| PB 0x00000000e8400000| Untracked 
| 133|0x00000000e8500000, 0x00000000e8500000, 0x00000000e8600000|  0%| F|  |TAMS 0x00000000e8500000| PB 0x00000000e8500000| Untracked 
| 134|0x00000000e8600000, 0x00000000e8600000, 0x00000000e8700000|  0%| F|  |TAMS 0x00000000e8600000| PB 0x00000000e8600000| Untracked 
| 135|0x00000000e8700000, 0x00000000e8700000, 0x00000000e8800000|  0%| F|  |TAMS 0x00000000e8700000| PB 0x00000000e8700000| Untracked 
| 136|0x00000000e8800000, 0x00000000e8800000, 0x00000000e8900000|  0%| F|  |TAMS 0x00000000e8800000| PB 0x00000000e8800000| Untracked 
| 137|0x00000000e8900000, 0x00000000e8900000, 0x00000000e8a00000|  0%| F|  |TAMS 0x00000000e8900000| PB 0x00000000e8900000| Untracked 
| 138|0x00000000e8a00000, 0x00000000e8a00000, 0x00000000e8b00000|  0%| F|  |TAMS 0x00000000e8a00000| PB 0x00000000e8a00000| Untracked 
| 139|0x00000000e8b00000, 0x00000000e8b00000, 0x00000000e8c00000|  0%| F|  |TAMS 0x00000000e8b00000| PB 0x00000000e8b00000| Untracked 
| 140|0x00000000e8c00000, 0x00000000e8c00000, 0x00000000e8d00000|  0%| F|  |TAMS 0x00000000e8c00000| PB 0x00000000e8c00000| Untracked 
| 141|0x00000000e8d00000, 0x00000000e8d00000, 0x00000000e8e00000|  0%| F|  |TAMS 0x00000000e8d00000| PB 0x00000000e8d00000| Untracked 
| 142|0x00000000e8e00000, 0x00000000e8e00000, 0x00000000e8f00000|  0%| F|  |TAMS 0x00000000e8e00000| PB 0x00000000e8e00000| Untracked 
| 143|0x00000000e8f00000, 0x00000000e8f00000, 0x00000000e9000000|  0%| F|  |TAMS 0x00000000e8f00000| PB 0x00000000e8f00000| Untracked 
| 144|0x00000000e9000000, 0x00000000e9000000, 0x00000000e9100000|  0%| F|  |TAMS 0x00000000e9000000| PB 0x00000000e9000000| Untracked 
| 145|0x00000000e9100000, 0x00000000e9100000, 0x00000000e9200000|  0%| F|  |TAMS 0x00000000e9100000| PB 0x00000000e9100000| Untracked 
| 146|0x00000000e9200000, 0x00000000e9200000, 0x00000000e9300000|  0%| F|  |TAMS 0x00000000e9200000| PB 0x00000000e9200000| Untracked 
| 147|0x00000000e9300000, 0x00000000e9300000, 0x00000000e9400000|  0%| F|  |TAMS 0x00000000e9300000| PB 0x00000000e9300000| Untracked 
| 148|0x00000000e9400000, 0x00000000e9400000, 0x00000000e9500000|  0%| F|  |TAMS 0x00000000e9400000| PB 0x00000000e9400000| Untracked 
| 149|0x00000000e9500000, 0x00000000e9500000, 0x00000000e9600000|  0%| F|  |TAMS 0x00000000e9500000| PB 0x00000000e9500000| Untracked 
| 150|0x00000000e9600000, 0x00000000e9600000, 0x00000000e9700000|  0%| F|  |TAMS 0x00000000e9600000| PB 0x00000000e9600000| Untracked 
| 151|0x00000000e9700000, 0x00000000e9700000, 0x00000000e9800000|  0%| F|  |TAMS 0x00000000e9700000| PB 0x00000000e9700000| Untracked 
| 152|0x00000000e9800000, 0x00000000e9800000, 0x00000000e9900000|  0%| F|  |TAMS 0x00000000e9800000| PB 0x00000000e9800000| Untracked 
| 153|0x00000000e9900000, 0x00000000e9900000, 0x00000000e9a00000|  0%| F|  |TAMS 0x00000000e9900000| PB 0x00000000e9900000| Untracked 
| 154|0x00000000e9a00000, 0x00000000e9a00000, 0x00000000e9b00000|  0%| F|  |TAMS 0x00000000e9a00000| PB 0x00000000e9a00000| Untracked 
| 155|0x00000000e9b00000, 0x00000000e9b00000, 0x00000000e9c00000|  0%| F|  |TAMS 0x00000000e9b00000| PB 0x00000000e9b00000| Untracked 
| 156|0x00000000e9c00000, 0x00000000e9c00000, 0x00000000e9d00000|  0%| F|  |TAMS 0x00000000e9c00000| PB 0x00000000e9c00000| Untracked 
| 157|0x00000000e9d00000, 0x00000000e9d00000, 0x00000000e9e00000|  0%| F|  |TAMS 0x00000000e9d00000| PB 0x00000000e9d00000| Untracked 
| 158|0x00000000e9e00000, 0x00000000e9e00000, 0x00000000e9f00000|  0%| F|  |TAMS 0x00000000e9e00000| PB 0x00000000e9e00000| Untracked 
| 159|0x00000000e9f00000, 0x00000000e9f00000, 0x00000000ea000000|  0%| F|  |TAMS 0x00000000e9f00000| PB 0x00000000e9f00000| Untracked 
| 160|0x00000000ea000000, 0x00000000ea000000, 0x00000000ea100000|  0%| F|  |TAMS 0x00000000ea000000| PB 0x00000000ea000000| Untracked 
| 161|0x00000000ea100000, 0x00000000ea100000, 0x00000000ea200000|  0%| F|  |TAMS 0x00000000ea100000| PB 0x00000000ea100000| Untracked 
| 162|0x00000000ea200000, 0x00000000ea200000, 0x00000000ea300000|  0%| F|  |TAMS 0x00000000ea200000| PB 0x00000000ea200000| Untracked 
| 163|0x00000000ea300000, 0x00000000ea300000, 0x00000000ea400000|  0%| F|  |TAMS 0x00000000ea300000| PB 0x00000000ea300000| Untracked 
| 164|0x00000000ea400000, 0x00000000ea400000, 0x00000000ea500000|  0%| F|  |TAMS 0x00000000ea400000| PB 0x00000000ea400000| Untracked 
| 165|0x00000000ea500000, 0x00000000ea500000, 0x00000000ea600000|  0%| F|  |TAMS 0x00000000ea500000| PB 0x00000000ea500000| Untracked 
| 166|0x00000000ea600000, 0x00000000ea600000, 0x00000000ea700000|  0%| F|  |TAMS 0x00000000ea600000| PB 0x00000000ea600000| Untracked 
| 167|0x00000000ea700000, 0x00000000ea700000, 0x00000000ea800000|  0%| F|  |TAMS 0x00000000ea700000| PB 0x00000000ea700000| Untracked 
| 168|0x00000000ea800000, 0x00000000ea800000, 0x00000000ea900000|  0%| F|  |TAMS 0x00000000ea800000| PB 0x00000000ea800000| Untracked 
| 169|0x00000000ea900000, 0x00000000ea900000, 0x00000000eaa00000|  0%| F|  |TAMS 0x00000000ea900000| PB 0x00000000ea900000| Untracked 
| 170|0x00000000eaa00000, 0x00000000eaa00000, 0x00000000eab00000|  0%| F|  |TAMS 0x00000000eaa00000| PB 0x00000000eaa00000| Untracked 
| 171|0x00000000eab00000, 0x00000000eab00000, 0x00000000eac00000|  0%| F|  |TAMS 0x00000000eab00000| PB 0x00000000eab00000| Untracked 
| 172|0x00000000eac00000, 0x00000000eac00000, 0x00000000ead00000|  0%| F|  |TAMS 0x00000000eac00000| PB 0x00000000eac00000| Untracked 
| 173|0x00000000ead00000, 0x00000000ead00000, 0x00000000eae00000|  0%| F|  |TAMS 0x00000000ead00000| PB 0x00000000ead00000| Untracked 
| 174|0x00000000eae00000, 0x00000000eae00000, 0x00000000eaf00000|  0%| F|  |TAMS 0x00000000eae00000| PB 0x00000000eae00000| Untracked 
| 175|0x00000000eaf00000, 0x00000000eaf00000, 0x00000000eb000000|  0%| F|  |TAMS 0x00000000eaf00000| PB 0x00000000eaf00000| Untracked 
| 176|0x00000000eb000000, 0x00000000eb000000, 0x00000000eb100000|  0%| F|  |TAMS 0x00000000eb000000| PB 0x00000000eb000000| Untracked 
| 177|0x00000000eb100000, 0x00000000eb100000, 0x00000000eb200000|  0%| F|  |TAMS 0x00000000eb100000| PB 0x00000000eb100000| Untracked 
| 178|0x00000000eb200000, 0x00000000eb200000, 0x00000000eb300000|  0%| F|  |TAMS 0x00000000eb200000| PB 0x00000000eb200000| Untracked 
| 179|0x00000000eb300000, 0x00000000eb300000, 0x00000000eb400000|  0%| F|  |TAMS 0x00000000eb300000| PB 0x00000000eb300000| Untracked 
| 180|0x00000000eb400000, 0x00000000eb400000, 0x00000000eb500000|  0%| F|  |TAMS 0x00000000eb400000| PB 0x00000000eb400000| Untracked 
| 181|0x00000000eb500000, 0x00000000eb500000, 0x00000000eb600000|  0%| F|  |TAMS 0x00000000eb500000| PB 0x00000000eb500000| Untracked 
| 182|0x00000000eb600000, 0x00000000eb600000, 0x00000000eb700000|  0%| F|  |TAMS 0x00000000eb600000| PB 0x00000000eb600000| Untracked 
| 183|0x00000000eb700000, 0x00000000eb700000, 0x00000000eb800000|  0%| F|  |TAMS 0x00000000eb700000| PB 0x00000000eb700000| Untracked 
| 184|0x00000000eb800000, 0x00000000eb800000, 0x00000000eb900000|  0%| F|  |TAMS 0x00000000eb800000| PB 0x00000000eb800000| Untracked 
| 185|0x00000000eb900000, 0x00000000eb900000, 0x00000000eba00000|  0%| F|  |TAMS 0x00000000eb900000| PB 0x00000000eb900000| Untracked 
| 186|0x00000000eba00000, 0x00000000eba00000, 0x00000000ebb00000|  0%| F|  |TAMS 0x00000000eba00000| PB 0x00000000eba00000| Untracked 
| 187|0x00000000ebb00000, 0x00000000ebb00000, 0x00000000ebc00000|  0%| F|  |TAMS 0x00000000ebb00000| PB 0x00000000ebb00000| Untracked 
| 188|0x00000000ebc00000, 0x00000000ebc00000, 0x00000000ebd00000|  0%| F|  |TAMS 0x00000000ebc00000| PB 0x00000000ebc00000| Untracked 
| 189|0x00000000ebd00000, 0x00000000ebd00000, 0x00000000ebe00000|  0%| F|  |TAMS 0x00000000ebd00000| PB 0x00000000ebd00000| Untracked 
| 190|0x00000000ebe00000, 0x00000000ebe00000, 0x00000000ebf00000|  0%| F|  |TAMS 0x00000000ebe00000| PB 0x00000000ebe00000| Untracked 
| 191|0x00000000ebf00000, 0x00000000ebf00000, 0x00000000ec000000|  0%| F|  |TAMS 0x00000000ebf00000| PB 0x00000000ebf00000| Untracked 
| 192|0x00000000ec000000, 0x00000000ec000000, 0x00000000ec100000|  0%| F|  |TAMS 0x00000000ec000000| PB 0x00000000ec000000| Untracked 
| 193|0x00000000ec100000, 0x00000000ec100000, 0x00000000ec200000|  0%| F|  |TAMS 0x00000000ec100000| PB 0x00000000ec100000| Untracked 
| 194|0x00000000ec200000, 0x00000000ec200000, 0x00000000ec300000|  0%| F|  |TAMS 0x00000000ec200000| PB 0x00000000ec200000| Untracked 
| 195|0x00000000ec300000, 0x00000000ec300000, 0x00000000ec400000|  0%| F|  |TAMS 0x00000000ec300000| PB 0x00000000ec300000| Untracked 
| 196|0x00000000ec400000, 0x00000000ec400000, 0x00000000ec500000|  0%| F|  |TAMS 0x00000000ec400000| PB 0x00000000ec400000| Untracked 
| 197|0x00000000ec500000, 0x00000000ec500000, 0x00000000ec600000|  0%| F|  |TAMS 0x00000000ec500000| PB 0x00000000ec500000| Untracked 
| 198|0x00000000ec600000, 0x00000000ec600000, 0x00000000ec700000|  0%| F|  |TAMS 0x00000000ec600000| PB 0x00000000ec600000| Untracked 
| 199|0x00000000ec700000, 0x00000000ec700000, 0x00000000ec800000|  0%| F|  |TAMS 0x00000000ec700000| PB 0x00000000ec700000| Untracked 
| 200|0x00000000ec800000, 0x00000000ec800000, 0x00000000ec900000|  0%| F|  |TAMS 0x00000000ec800000| PB 0x00000000ec800000| Untracked 
| 201|0x00000000ec900000, 0x00000000ec900000, 0x00000000eca00000|  0%| F|  |TAMS 0x00000000ec900000| PB 0x00000000ec900000| Untracked 
| 202|0x00000000eca00000, 0x00000000eca00000, 0x00000000ecb00000|  0%| F|  |TAMS 0x00000000eca00000| PB 0x00000000eca00000| Untracked 
| 203|0x00000000ecb00000, 0x00000000ecb00000, 0x00000000ecc00000|  0%| F|  |TAMS 0x00000000ecb00000| PB 0x00000000ecb00000| Untracked 
| 204|0x00000000ecc00000, 0x00000000ecc00000, 0x00000000ecd00000|  0%| F|  |TAMS 0x00000000ecc00000| PB 0x00000000ecc00000| Untracked 
| 205|0x00000000ecd00000, 0x00000000ecd00000, 0x00000000ece00000|  0%| F|  |TAMS 0x00000000ecd00000| PB 0x00000000ecd00000| Untracked 
| 206|0x00000000ece00000, 0x00000000ece00000, 0x00000000ecf00000|  0%| F|  |TAMS 0x00000000ece00000| PB 0x00000000ece00000| Untracked 
| 207|0x00000000ecf00000, 0x00000000ecf00000, 0x00000000ed000000|  0%| F|  |TAMS 0x00000000ecf00000| PB 0x00000000ecf00000| Untracked 
| 208|0x00000000ed000000, 0x00000000ed000000, 0x00000000ed100000|  0%| F|  |TAMS 0x00000000ed000000| PB 0x00000000ed000000| Untracked 
| 209|0x00000000ed100000, 0x00000000ed100000, 0x00000000ed200000|  0%| F|  |TAMS 0x00000000ed100000| PB 0x00000000ed100000| Untracked 
| 210|0x00000000ed200000, 0x00000000ed200000, 0x00000000ed300000|  0%| F|  |TAMS 0x00000000ed200000| PB 0x00000000ed200000| Untracked 
| 211|0x00000000ed300000, 0x00000000ed300000, 0x00000000ed400000|  0%| F|  |TAMS 0x00000000ed300000| PB 0x00000000ed300000| Untracked 
| 212|0x00000000ed400000, 0x00000000ed400000, 0x00000000ed500000|  0%| F|  |TAMS 0x00000000ed400000| PB 0x00000000ed400000| Untracked 
| 213|0x00000000ed500000, 0x00000000ed500000, 0x00000000ed600000|  0%| F|  |TAMS 0x00000000ed500000| PB 0x00000000ed500000| Untracked 
| 214|0x00000000ed600000, 0x00000000ed600000, 0x00000000ed700000|  0%| F|  |TAMS 0x00000000ed600000| PB 0x00000000ed600000| Untracked 
| 215|0x00000000ed700000, 0x00000000ed700000, 0x00000000ed800000|  0%| F|  |TAMS 0x00000000ed700000| PB 0x00000000ed700000| Untracked 
| 216|0x00000000ed800000, 0x00000000ed800000, 0x00000000ed900000|  0%| F|  |TAMS 0x00000000ed800000| PB 0x00000000ed800000| Untracked 
| 217|0x00000000ed900000, 0x00000000ed900000, 0x00000000eda00000|  0%| F|  |TAMS 0x00000000ed900000| PB 0x00000000ed900000| Untracked 
| 218|0x00000000eda00000, 0x00000000eda00000, 0x00000000edb00000|  0%| F|  |TAMS 0x00000000eda00000| PB 0x00000000eda00000| Untracked 
| 219|0x00000000edb00000, 0x00000000edb00000, 0x00000000edc00000|  0%| F|  |TAMS 0x00000000edb00000| PB 0x00000000edb00000| Untracked 
| 220|0x00000000edc00000, 0x00000000edc00000, 0x00000000edd00000|  0%| F|  |TAMS 0x00000000edc00000| PB 0x00000000edc00000| Untracked 
| 221|0x00000000edd00000, 0x00000000edd00000, 0x00000000ede00000|  0%| F|  |TAMS 0x00000000edd00000| PB 0x00000000edd00000| Untracked 
| 222|0x00000000ede00000, 0x00000000ede00000, 0x00000000edf00000|  0%| F|  |TAMS 0x00000000ede00000| PB 0x00000000ede00000| Untracked 
| 223|0x00000000edf00000, 0x00000000edf00000, 0x00000000ee000000|  0%| F|  |TAMS 0x00000000edf00000| PB 0x00000000edf00000| Untracked 
| 224|0x00000000ee000000, 0x00000000ee000000, 0x00000000ee100000|  0%| F|  |TAMS 0x00000000ee000000| PB 0x00000000ee000000| Untracked 
| 225|0x00000000ee100000, 0x00000000ee100000, 0x00000000ee200000|  0%| F|  |TAMS 0x00000000ee100000| PB 0x00000000ee100000| Untracked 
| 226|0x00000000ee200000, 0x00000000ee200000, 0x00000000ee300000|  0%| F|  |TAMS 0x00000000ee200000| PB 0x00000000ee200000| Untracked 
| 227|0x00000000ee300000, 0x00000000ee300000, 0x00000000ee400000|  0%| F|  |TAMS 0x00000000ee300000| PB 0x00000000ee300000| Untracked 
| 228|0x00000000ee400000, 0x00000000ee400000, 0x00000000ee500000|  0%| F|  |TAMS 0x00000000ee400000| PB 0x00000000ee400000| Untracked 
| 229|0x00000000ee500000, 0x00000000ee500000, 0x00000000ee600000|  0%| F|  |TAMS 0x00000000ee500000| PB 0x00000000ee500000| Untracked 
| 230|0x00000000ee600000, 0x00000000ee600000, 0x00000000ee700000|  0%| F|  |TAMS 0x00000000ee600000| PB 0x00000000ee600000| Untracked 
| 231|0x00000000ee700000, 0x00000000ee700000, 0x00000000ee800000|  0%| F|  |TAMS 0x00000000ee700000| PB 0x00000000ee700000| Untracked 
| 232|0x00000000ee800000, 0x00000000ee800000, 0x00000000ee900000|  0%| F|  |TAMS 0x00000000ee800000| PB 0x00000000ee800000| Untracked 
| 233|0x00000000ee900000, 0x00000000ee900000, 0x00000000eea00000|  0%| F|  |TAMS 0x00000000ee900000| PB 0x00000000ee900000| Untracked 
| 234|0x00000000eea00000, 0x00000000eea00000, 0x00000000eeb00000|  0%| F|  |TAMS 0x00000000eea00000| PB 0x00000000eea00000| Untracked 
| 235|0x00000000eeb00000, 0x00000000eeb00000, 0x00000000eec00000|  0%| F|  |TAMS 0x00000000eeb00000| PB 0x00000000eeb00000| Untracked 
| 236|0x00000000eec00000, 0x00000000eec6bc30, 0x00000000eed00000| 42%| E|  |TAMS 0x00000000eec00000| PB 0x00000000eec00000| Complete 
| 237|0x00000000eed00000, 0x00000000eedec800, 0x00000000eee00000| 92%| E|  |TAMS 0x00000000eed00000| PB 0x00000000eed00000| Complete 
| 238|0x00000000eee00000, 0x00000000eef00000, 0x00000000eef00000|100%| E|CS|TAMS 0x00000000eee00000| PB 0x00000000eee00000| Complete 
| 239|0x00000000eef00000, 0x00000000ef000000, 0x00000000ef000000|100%| E|CS|TAMS 0x00000000eef00000| PB 0x00000000eef00000| Complete 
| 240|0x00000000ef000000, 0x00000000ef100000, 0x00000000ef100000|100%| E|CS|TAMS 0x00000000ef000000| PB 0x00000000ef000000| Complete 
| 241|0x00000000ef100000, 0x00000000ef200000, 0x00000000ef200000|100%| E|CS|TAMS 0x00000000ef100000| PB 0x00000000ef100000| Complete 
| 242|0x00000000ef200000, 0x00000000ef300000, 0x00000000ef300000|100%| E|CS|TAMS 0x00000000ef200000| PB 0x00000000ef200000| Complete 
| 243|0x00000000ef300000, 0x00000000ef400000, 0x00000000ef400000|100%| E|CS|TAMS 0x00000000ef300000| PB 0x00000000ef300000| Complete 
| 244|0x00000000ef400000, 0x00000000ef500000, 0x00000000ef500000|100%| E|CS|TAMS 0x00000000ef400000| PB 0x00000000ef400000| Complete 
| 245|0x00000000ef500000, 0x00000000ef600000, 0x00000000ef600000|100%| E|CS|TAMS 0x00000000ef500000| PB 0x00000000ef500000| Complete 
| 246|0x00000000ef600000, 0x00000000ef700000, 0x00000000ef700000|100%| E|CS|TAMS 0x00000000ef600000| PB 0x00000000ef600000| Complete 
| 247|0x00000000ef700000, 0x00000000ef800000, 0x00000000ef800000|100%| E|CS|TAMS 0x00000000ef700000| PB 0x00000000ef700000| Complete 
| 248|0x00000000ef800000, 0x00000000ef900000, 0x00000000ef900000|100%| E|CS|TAMS 0x00000000ef800000| PB 0x00000000ef800000| Complete 
| 249|0x00000000ef900000, 0x00000000efa00000, 0x00000000efa00000|100%| E|CS|TAMS 0x00000000ef900000| PB 0x00000000ef900000| Complete 
| 250|0x00000000efa00000, 0x00000000efb00000, 0x00000000efb00000|100%| E|CS|TAMS 0x00000000efa00000| PB 0x00000000efa00000| Complete 
| 251|0x00000000efb00000, 0x00000000efc00000, 0x00000000efc00000|100%| E|CS|TAMS 0x00000000efb00000| PB 0x00000000efb00000| Complete 

Card table byte_map: [0x0000022c9ca70000,0x0000022c9cb70000] _byte_map_base: 0x0000022c9c370000

Marking Bits: (CMBitMap*) 0x0000022c8a306b60
 Bits: [0x0000022c9cb70000, 0x0000022c9d370000)

Polling page: 0x0000022c88290000

Metaspace:

Usage:
  Non-class:      8.24 MB used.
      Class:    886.03 KB used.
       Both:      9.11 MB used.

Virtual space:
  Non-class space:       64.00 MB reserved,       8.31 MB ( 13%) committed,  1 nodes.
      Class space:        1.00 GB reserved,     960.00 KB ( <1%) committed,  1 nodes.
             Both:        1.06 GB reserved,       9.25 MB ( <1%) committed. 

Chunk freelists:
   Non-Class:  6.98 MB
       Class:  15.03 MB
        Both:  22.02 MB

MaxMetaspaceSize: unlimited
CompressedClassSpaceSize: 1.00 GB
Initial GC threshold: 21.00 MB
Current GC threshold: 21.00 MB
CDS: off
 - commit_granule_bytes: 65536.
 - commit_granule_words: 8192.
 - virtual_space_node_default_size: 8388608.
 - enlarge_chunks_in_place: 1.
 - use_allocation_guard: 0.


Internal statistics:

num_allocs_failed_limit: 0.
num_arena_births: 16.
num_arena_deaths: 0.
num_vsnodes_births: 2.
num_vsnodes_deaths: 0.
num_space_committed: 148.
num_space_uncommitted: 0.
num_chunks_returned_to_freelist: 0.
num_chunks_taken_from_freelist: 63.
num_chunk_merges: 0.
num_chunk_splits: 35.
num_chunks_enlarged: 25.
num_inconsistent_stats: 0.

CodeHeap 'non-profiled nmethods': size=120000Kb used=279Kb max_used=279Kb free=119721Kb
 bounds [0x0000022c94ef0000, 0x0000022c95160000, 0x0000022c9c420000]
CodeHeap 'profiled nmethods': size=120000Kb used=1383Kb max_used=1383Kb free=118616Kb
 bounds [0x0000022c8d420000, 0x0000022c8d690000, 0x0000022c94950000]
CodeHeap 'non-nmethods': size=5760Kb used=1240Kb max_used=1260Kb free=4519Kb
 bounds [0x0000022c94950000, 0x0000022c94bc0000, 0x0000022c94ef0000]
CodeCache: size=245760Kb, used=2902Kb, max_used=2922Kb, free=242856Kb
 total_blobs=1202, nmethods=773, adapters=334, full_count=0
Compilation: enabled, stopped_count=0, restarted_count=0

Compilation events (20 events):
Event: 2.665 Thread 0x0000022ca027ac60  761       3       java.io.IoOverNioOsSpecific::optionsForChannelInRandomAccessFile (11 bytes)
Event: 2.666 Thread 0x0000022ca027ac60 nmethod 761 0x0000022c8d570b90 code [0x0000022c8d570d40, 0x0000022c8d570ef8]
Event: 2.666 Thread 0x0000022ca027ac60  762   !   3       java.io.IoOverNioFileSystem::initializeStreamUsingNio (31 bytes)
Event: 2.668 Thread 0x0000022ca027ac60 nmethod 762 0x0000022c8d570f90 code [0x0000022c8d5712c0, 0x0000022c8d5725f0]
Event: 2.668 Thread 0x0000022ca027ac60  763       3       java.io.FileDescriptor$1::setHandle (6 bytes)
Event: 2.669 Thread 0x0000022ca027ac60 nmethod 763 0x0000022c8d572d10 code [0x0000022c8d572ec0, 0x0000022c8d5731a0]
Event: 2.669 Thread 0x0000022ca027ac60  764       3       java.io.FileDescriptor::setHandle (33 bytes)
Event: 2.669 Thread 0x0000022ca027ac60 nmethod 764 0x0000022c8d573310 code [0x0000022c8d5734c0, 0x0000022c8d573738]
Event: 2.718 Thread 0x0000022ca027ac60  765       3       java.net.URLStreamHandler::toExternalForm (156 bytes)
Event: 3.680 Thread 0x0000022ca027ac60 nmethod 765 0x0000022c8d573810 code [0x0000022c8d573c00, 0x0000022c8d5750f8]
Event: 3.694 Thread 0x0000022ca0279dc0 nmethod 746% 0x0000022c94f32a90 code [0x0000022c94f32d60, 0x0000022c94f34968]
Event: 3.700 Thread 0x0000022ca027ac60  767   !   3       jdk.internal.loader.URLClassPath::getLoader (29 bytes)
Event: 3.701 Thread 0x0000022ca027ac60 nmethod 767 0x0000022c8d575910 code [0x0000022c8d575b00, 0x0000022c8d576028]
Event: 3.729 Thread 0x0000022ca0279dc0  768       4       java.util.zip.ZipFile$Source::initCEN (612 bytes)
Event: 3.756 Thread 0x0000022ca027ac60  771       3       java.util.zip.ZipFile$Source::getMetaVersion (221 bytes)
Event: 3.757 Thread 0x0000022ca027ac60 nmethod 771 0x0000022c8d576210 code [0x0000022c8d576400, 0x0000022c8d576af0]
Event: 3.757 Thread 0x0000022ca027ac60  770       3       java.util.zip.ZipFile$Source::isSignatureRelated (227 bytes)
Event: 3.758 Thread 0x0000022ca027ac60 nmethod 770 0x0000022c8d576d10 code [0x0000022c8d576ee0, 0x0000022c8d5774e8]
Event: 3.819 Thread 0x0000022ca027ac60  772       3       java.lang.ThreadLocal$ThreadLocalMap::cleanSomeSlots (61 bytes)
Event: 3.820 Thread 0x0000022ca027ac60 nmethod 772 0x0000022c8d577710 code [0x0000022c8d577900, 0x0000022c8d577df8]

GC Heap History (0 events):
No events

Dll operation events (3 events):
Event: 0.015 Loaded shared library D:\Program Files\Android\Android Studio\jbr\bin\java.dll
Event: 0.382 Loaded shared library D:\Program Files\Android\Android Studio\jbr\bin\zip.dll
Event: 1.589 Loaded shared library D:\Program Files\Android\Android Studio\jbr\bin\verify.dll

Deoptimization events (20 events):
Event: 1.488 Thread 0x0000022c8805a8c0 DEOPT PACKING pc=0x0000022c8d47bac9 sp=0x0000004f2a7fa010
Event: 1.488 Thread 0x0000022c8805a8c0 DEOPT UNPACKING pc=0x0000022c949a4b42 sp=0x0000004f2a7f9480 mode 0
Event: 1.641 Thread 0x0000022c8805a8c0 DEOPT PACKING pc=0x0000022c8d431a07 sp=0x0000004f2a7f70b0
Event: 1.641 Thread 0x0000022c8805a8c0 DEOPT UNPACKING pc=0x0000022c949a4b42 sp=0x0000004f2a7f6548 mode 0
Event: 1.828 Thread 0x0000022c8805a8c0 DEOPT PACKING pc=0x0000022c8d431f43 sp=0x0000004f2a7fbf60
Event: 1.828 Thread 0x0000022c8805a8c0 DEOPT UNPACKING pc=0x0000022c949a4b42 sp=0x0000004f2a7fb3d8 mode 0
Event: 1.910 Thread 0x0000022c8805a8c0 DEOPT PACKING pc=0x0000022c8d4345a1 sp=0x0000004f2a7fc3e0
Event: 1.910 Thread 0x0000022c8805a8c0 DEOPT UNPACKING pc=0x0000022c949a4b42 sp=0x0000004f2a7fb8e0 mode 0
Event: 2.037 Thread 0x0000022c8805a8c0 DEOPT PACKING pc=0x0000022c8d4a5416 sp=0x0000004f2a7fbd10
Event: 2.037 Thread 0x0000022c8805a8c0 DEOPT UNPACKING pc=0x0000022c949a4b42 sp=0x0000004f2a7fb258 mode 0
Event: 2.071 Thread 0x0000022c8805a8c0 DEOPT PACKING pc=0x0000022c8d4a5416 sp=0x0000004f2a7fbdc0
Event: 2.071 Thread 0x0000022c8805a8c0 DEOPT UNPACKING pc=0x0000022c949a4b42 sp=0x0000004f2a7fb308 mode 0
Event: 2.312 Thread 0x0000022c8805a8c0 Uncommon trap: trap_request=0xffffff45 fr.pc=0x0000022c94f1bcbc relative=0x000000000000017c
Event: 2.312 Thread 0x0000022c8805a8c0 Uncommon trap: reason=unstable_if action=reinterpret pc=0x0000022c94f1bcbc method=java.util.zip.ZipFile$Source.isMetaName([BII)Z @ 43 c2
Event: 2.312 Thread 0x0000022c8805a8c0 DEOPT PACKING pc=0x0000022c94f1bcbc sp=0x0000004f2a7fc190
Event: 2.312 Thread 0x0000022c8805a8c0 DEOPT UNPACKING pc=0x0000022c949a43a2 sp=0x0000004f2a7fc120 mode 2
Event: 2.415 Thread 0x0000022c8805a8c0 DEOPT PACKING pc=0x0000022c8d507f9a sp=0x0000004f2a7fc1b0
Event: 2.415 Thread 0x0000022c8805a8c0 DEOPT UNPACKING pc=0x0000022c949a4b42 sp=0x0000004f2a7fb670 mode 0
Event: 3.729 Thread 0x0000022c8805a8c0 DEOPT PACKING pc=0x0000022c8d526573 sp=0x0000004f2a7fc220
Event: 3.729 Thread 0x0000022c8805a8c0 DEOPT UNPACKING pc=0x0000022c949a4b42 sp=0x0000004f2a7fb7b0 mode 0

Classes loaded (20 events):
Event: 1.738 Loading class java/nio/file/NoSuchFileException
Event: 1.738 Loading class java/nio/file/FileSystemException
Event: 1.738 Loading class java/nio/file/FileSystemException done
Event: 1.738 Loading class java/nio/file/NoSuchFileException done
Event: 1.740 Loading class com/jetbrains/internal/IoToNioErrorMessageHolder
Event: 1.740 Loading class com/jetbrains/internal/IoToNioErrorMessageHolder done
Event: 1.741 Loading class java/nio/file/InvalidPathException
Event: 1.741 Loading class java/nio/file/InvalidPathException done
Event: 2.132 Loading class java/util/TreeSet
Event: 2.133 Loading class java/util/TreeSet done
Event: 2.133 Loading class java/util/TreeMap
Event: 2.133 Loading class java/util/TreeMap done
Event: 2.134 Loading class java/util/TreeMap$Entry
Event: 2.134 Loading class java/util/TreeMap$Entry done
Event: 2.134 Loading class java/util/TreeMap$KeySet
Event: 2.134 Loading class java/util/TreeMap$KeySet done
Event: 2.134 Loading class java/util/TreeMap$KeyIterator
Event: 2.134 Loading class java/util/TreeMap$PrivateEntryIterator
Event: 2.134 Loading class java/util/TreeMap$PrivateEntryIterator done
Event: 2.134 Loading class java/util/TreeMap$KeyIterator done

Classes unloaded (0 events):
No events

Classes redefined (0 events):
No events

Internal exceptions (4 events):
Event: 1.406 Thread 0x0000022c8805a8c0 Exception <a 'java/lang/NoSuchMethodError'{0x00000000ef807808}: 'void java.lang.invoke.DirectMethodHandle$Holder.invokeInterface(java.lang.Object, java.lang.Object, java.lang.Object)'> (0x00000000ef807808) 
thrown [s\src\hotspot\share\interpreter\linkResolver.cpp, line 784]
Event: 1.738 Thread 0x0000022c8805a8c0 Exception <a 'sun/nio/fs/WindowsException'{0x00000000ef66c628}> (0x00000000ef66c628) 
thrown [s\src\hotspot\share\prims\jni.cpp, line 537]
Event: 1.743 Thread 0x0000022c8805a8c0 Exception <a 'sun/nio/fs/WindowsException'{0x00000000ef66fbd8}> (0x00000000ef66fbd8) 
thrown [s\src\hotspot\share\prims\jni.cpp, line 537]
Event: 2.383 Thread 0x0000022c8805a8c0 Exception <a 'sun/nio/fs/WindowsException'{0x00000000ef0630b0}> (0x00000000ef0630b0) 
thrown [s\src\hotspot\share\prims\jni.cpp, line 537]

ZGC Phase Switch (0 events):
No events

VM Operations (12 events):
Event: 1.324 Executing VM operation: HandshakeAllThreads (Deoptimize)
Event: 1.324 Executing VM operation: HandshakeAllThreads (Deoptimize) done
Event: 1.433 Executing VM operation: HandshakeAllThreads (Deoptimize)
Event: 1.433 Executing VM operation: HandshakeAllThreads (Deoptimize) done
Event: 1.433 Executing VM operation: Cleanup
Event: 1.433 Executing VM operation: Cleanup done
Event: 1.698 Executing VM operation: HandshakeAllThreads (Deoptimize)
Event: 1.698 Executing VM operation: HandshakeAllThreads (Deoptimize) done
Event: 2.712 Executing VM operation: Cleanup
Event: 2.712 Executing VM operation: Cleanup done
Event: 5.754 Executing VM operation: Cleanup
Event: 5.754 Executing VM operation: Cleanup done

Memory protections (0 events):
No events

Nmethod flushes (0 events):
No events

Events (19 events):
Event: 0.380 Thread 0x0000022c8805a8c0 Thread added: 0x0000022c8805a8c0
Event: 0.473 Thread 0x0000022c8805a8c0 Thread added: 0x0000022ca023e6e0
Event: 0.484 Thread 0x0000022c8805a8c0 Thread added: 0x0000022ca023f3d0
Event: 0.484 Thread 0x0000022c8805a8c0 Thread added: 0x0000022ca023fe30
Event: 0.486 Thread 0x0000022c8805a8c0 Thread added: 0x0000022ca0264a50
Event: 0.486 Thread 0x0000022c8805a8c0 Thread added: 0x0000022ca026f320
Event: 0.486 Thread 0x0000022c8805a8c0 Thread added: 0x0000022ca02708f0
Event: 0.486 Thread 0x0000022c8805a8c0 Thread added: 0x0000022ca0279360
Event: 0.486 Thread 0x0000022c8805a8c0 Thread added: 0x0000022ca0279dc0
Event: 0.486 Thread 0x0000022c8805a8c0 Thread added: 0x0000022ca027ac60
Event: 1.322 Thread 0x0000022c8805a8c0 Thread added: 0x0000022ca05447e0
Event: 1.345 Loaded shared library D:\Program Files\Android\Android Studio\jbr\bin\net.dll
Event: 1.349 Loaded shared library D:\Program Files\Android\Android Studio\jbr\bin\nio.dll
Event: 1.365 Loaded shared library D:\Program Files\Android\Android Studio\jbr\bin\zip.dll
Event: 1.383 Thread 0x0000022ca0279dc0 Thread added: 0x0000022ca0539af0
Event: 1.383 Thread 0x0000022ca0279dc0 Thread added: 0x0000022ca053a1a0
Event: 1.605 Loaded shared library D:\Program Files\Android\Android Studio\jbr\bin\jimage.dll
Event: 1.656 Thread 0x0000022ca053a1a0 Thread exited: 0x0000022ca053a1a0
Event: 2.081 Thread 0x0000022ca0539af0 Thread exited: 0x0000022ca0539af0


Dynamic libraries:
0x00007ff6dc9a0000 - 0x00007ff6dc9aa000 	D:\Program Files\Android\Android Studio\jbr\bin\java.exe
0x00007ffba92e0000 - 0x00007ffba9547000 	C:\WINDOWS\SYSTEM32\ntdll.dll
0x00007ffba7bd0000 - 0x00007ffba7c99000 	C:\WINDOWS\System32\KERNEL32.DLL
0x00007ffba5f70000 - 0x00007ffba6361000 	C:\WINDOWS\System32\KERNELBASE.dll
0x00007ffba5bf0000 - 0x00007ffba5d3b000 	C:\WINDOWS\System32\ucrtbase.dll
0x00007ffb90f60000 - 0x00007ffb90f7b000 	D:\Program Files\Android\Android Studio\jbr\bin\VCRUNTIME140.dll
0x00007ffba0af0000 - 0x00007ffba0b08000 	D:\Program Files\Android\Android Studio\jbr\bin\jli.dll
0x00007ffba7ca0000 - 0x00007ffba7e65000 	C:\WINDOWS\System32\USER32.dll
0x00007ffba5bc0000 - 0x00007ffba5be7000 	C:\WINDOWS\System32\win32u.dll
0x00007ffb8ea20000 - 0x00007ffb8ecb3000 	C:\WINDOWS\WinSxS\amd64_microsoft.windows.common-controls_6595b64144ccf1df_6.0.26100.8037_none_3e092faae333b53b\COMCTL32.dll
0x00007ffba81d0000 - 0x00007ffba81fb000 	C:\WINDOWS\System32\GDI32.dll
0x00007ffba6f50000 - 0x00007ffba707b000 	C:\WINDOWS\System32\gdi32full.dll
0x00007ffba79f0000 - 0x00007ffba7a99000 	C:\WINDOWS\System32\msvcrt.dll
0x00007ffba6ea0000 - 0x00007ffba6f43000 	C:\WINDOWS\System32\msvcp_win.dll
0x00007ffba79b0000 - 0x00007ffba79e1000 	C:\WINDOWS\System32\IMM32.DLL
0x00007ffba2e50000 - 0x00007ffba2e5c000 	D:\Program Files\Android\Android Studio\jbr\bin\vcruntime140_1.dll
0x00007ffb89b80000 - 0x00007ffb89c0d000 	D:\Program Files\Android\Android Studio\jbr\bin\msvcp140.dll
0x00007ffaf3d70000 - 0x00007ffaf4a06000 	D:\Program Files\Android\Android Studio\jbr\bin\server\jvm.dll
0x00007ffba78f0000 - 0x00007ffba79ab000 	C:\WINDOWS\System32\ADVAPI32.dll
0x00007ffba7700000 - 0x00007ffba77a7000 	C:\WINDOWS\System32\sechost.dll
0x00007ffba9180000 - 0x00007ffba9298000 	C:\WINDOWS\System32\RPCRT4.dll
0x00007ffba7870000 - 0x00007ffba78e4000 	C:\WINDOWS\System32\WS2_32.dll
0x00007ffba5390000 - 0x00007ffba53ee000 	C:\WINDOWS\SYSTEM32\POWRPROF.dll
0x00007ffb9ca30000 - 0x00007ffb9ca65000 	C:\WINDOWS\SYSTEM32\WINMM.dll
0x00007ffb936a0000 - 0x00007ffb936ab000 	C:\WINDOWS\SYSTEM32\VERSION.dll
0x00007ffba5350000 - 0x00007ffba5364000 	C:\WINDOWS\SYSTEM32\UMPDC.dll
0x00007ffba4910000 - 0x00007ffba492b000 	C:\WINDOWS\SYSTEM32\kernel.appcore.dll
0x00007ffba0ae0000 - 0x00007ffba0aea000 	D:\Program Files\Android\Android Studio\jbr\bin\jimage.dll
0x00007ffba3a00000 - 0x00007ffba3c42000 	C:\WINDOWS\SYSTEM32\DBGHELP.DLL
0x00007ffba8d80000 - 0x00007ffba9102000 	C:\WINDOWS\System32\combase.dll
0x00007ffba8200000 - 0x00007ffba82d7000 	C:\WINDOWS\System32\OLEAUT32.dll
0x00007ffb87840000 - 0x00007ffb8787b000 	C:\WINDOWS\SYSTEM32\dbgcore.DLL
0x00007ffba6df0000 - 0x00007ffba6e95000 	C:\WINDOWS\System32\bcryptPrimitives.dll
0x00007ffb8fac0000 - 0x00007ffb8fae0000 	D:\Program Files\Android\Android Studio\jbr\bin\java.dll
0x00007ffb8faa0000 - 0x00007ffb8fab8000 	D:\Program Files\Android\Android Studio\jbr\bin\zip.dll
0x00007ffba8510000 - 0x00007ffba8c6f000 	C:\WINDOWS\System32\SHELL32.dll
0x00007ffba5d40000 - 0x00007ffba5eaa000 	C:\WINDOWS\System32\wintypes.dll
0x00007ffba64f0000 - 0x00007ffba6d54000 	C:\WINDOWS\System32\windows.storage.dll
0x00007ffba70d0000 - 0x00007ffba71c7000 	C:\WINDOWS\System32\SHCORE.dll
0x00007ffba9110000 - 0x00007ffba9177000 	C:\WINDOWS\System32\shlwapi.dll
0x00007ffba5ae0000 - 0x00007ffba5b09000 	C:\WINDOWS\SYSTEM32\profapi.dll
0x00007ffba0a80000 - 0x00007ffba0a90000 	D:\Program Files\Android\Android Studio\jbr\bin\net.dll
0x00007ffb9c5e0000 - 0x00007ffb9c707000 	C:\WINDOWS\SYSTEM32\WINHTTP.dll
0x00007ffba4e60000 - 0x00007ffba4ecb000 	C:\WINDOWS\system32\mswsock.dll
0x00007ffb8ef40000 - 0x00007ffb8ef56000 	D:\Program Files\Android\Android Studio\jbr\bin\nio.dll
0x00007ffb8fa90000 - 0x00007ffb8faa0000 	D:\Program Files\Android\Android Studio\jbr\bin\verify.dll

JVMTI agents: none

dbghelp: loaded successfully - version: 4.0.5 - missing functions: none
symbol engine: initialized successfully - sym options: 0x614 - pdb path: .;D:\Program Files\Android\Android Studio\jbr\bin;C:\WINDOWS\SYSTEM32;C:\WINDOWS\WinSxS\amd64_microsoft.windows.common-controls_6595b64144ccf1df_6.0.26100.8037_none_3e092faae333b53b;D:\Program Files\Android\Android Studio\jbr\bin\server

VM Arguments:
jvm_args: -Djava.awt.headless=true -Djava.library.path=D:\Program Files\Android\Android Studio\jbr\bin;C:\WINDOWS\Sun\Java\bin;C:\WINDOWS\system32;C:\WINDOWS;C:\Program Files\Git\mingw64\bin;C:\Program Files\Git\usr\bin;C:\Users\SAMSUNG\bin;C:\Python314\Scripts;C:\Python314;C:\Program Files\Java\jdk-8.0.412.8-hotspot\bin;C:\WINDOWS\system32;C:\WINDOWS;C:\WINDOWS\System32\Wbem;C:\WINDOWS\System32\WindowsPowerShell\v1.0;C:\WINDOWS\System32\OpenSSH;C:\Program Files\Bandizip;C:\ProgramData\Anaconda3;C:\ProgramData\Anaconda3\Scripts;C:\ProgramData\Anaconda3\Library\bin;C:\ProgramData\Anaconda3\Library\mingw-w64\bin;C:\Program Files (x86)\Windows Kits\10\Windows Performance Toolkit;C:\MinGW\bin;C:\Program Files\PuTTY;C:\Program Files (x86)\Microsoft SQL Server\160\Tools\Binn;C:\Program Files\Microsoft SQL Server\160\Tools\Binn;C:\Program Files\Microsoft SQL Server\Client SDK\ODBC\170\Tools\Binn;C:\Program Files\Microsoft SQL Server\160\DTS\Binn;C:\ProgramData\chocolatey\bin;D:\cursor\resources\app\bin;C:\Program Files\Pandoc;C:\Program Files\Tailscale;C:\Program Files\Docker\Docker\resources\bin;C:\Program Files\Git\cmd;C:\Program Files\GitHub CLI;D:\Program Files\nodejs;C:\Program Files\Redis;D:\Users\SAMSUNG\AppData\Local\Programs\Eclipse Adoptium\jdk-25.0.2.10-hotspot\bin;C:\Users\SAMSUNG\AppData\Local\pnpm;C:\Users\SAMSUNG\AppData\Local\pnpm;C:\Users\SAMSUNG\.cargo\bin;C:\Users\SAMSUNG\AppData\Local\Programs\Python\Python311\Scripts;C:\Users\SAMSUNG\AppData\Local\Programs\Python\Python311;C:\Users\SAMSUNG\AppData\Local\Programs\Python\Python310\Scripts;C:\Users\SAMSUNG\AppData\Local\Programs\Python\Python310;C:\Users\SAMSUNG\AppData\Local\Programs\Python\Python312\Scripts;C:\Users\SAMSUNG\AppData\Local\Programs\Python\Python312;C:\Users\SAMSUNG\AppData\Local\Microsoft\WindowsApps;C:\Users\SAMSUNG\Desktop\Microsoft VS Code\bin;C:\Program Files\JetBrains\PyCharm Community Edition 2023.3.1\bin;D:\Nmap;C:\Program Files\JetBrains\IntelliJ IDEA Community Edition 2024.1.4\bin;C:\Users\SAMSUNG\AppData\Local\P-Djdk.attach.allowAttachSelf=true -Dorg.gradle.internal.worker.tmpdir=D:\gradle-builds\ezmap-app\tmp\testDebugUnitTest\work --add-opens=java.base/java.io=ALL-UNNAMED -Xmx512m -Dfile.encoding=UTF-8 -Duser.country=KR -Duser.language=ko -Duser.variant -ea 
java_command: worker.org.gradle.process.internal.worker.GradleWorkerMain 'Gradle Test Executor 20'
java_class_path (initial): C:\\Users\\SAMSUNG\\.gradle\\caches\\8.13\\workerMain\\gradle-worker.jar;D:\\gradle-builds\\ezmap-app\\intermediates\\classes\\debugUnitTest\\transformDebugUnitTestClassesWithAsm\\dirs;D:\\gradle-builds\\ezmap-app\\intermediates\\java_res\\debugUnitTest\\processDebugUnitTestJavaRes\\out;D:\\gradle-builds\\ezmap-app\\intermediates\\runtime_app_classes_jar\\debug\\bundleDebugClassesToRuntimeJar\\classes.jar;C:\\Users\\SAMSUNG\\.gradle\\caches\\8.13\\transforms\\2e80e1057c12f6d12ac61200fd5b8ffb\\transformed\\hilt-android-testing-2.51.1-runtime.jar;C:\\Users\\SAMSUNG\\.gradle\\caches\\modules-2\\files-2.1\\io.mockk\\mockk-jvm\\1.13.10\\ee51b1254f0ac08d56d3f9aa1f48068b91d91aa0\\mockk-jvm-1.13.10.jar;C:\\Users\\SAMSUNG\\.gradle\\caches\\modules-2\\files-2.1\\junit\\junit\\4.13.2\\8ac9e16d933b6fb43bc7f576336b8f4d7eb5ba12\\junit-4.13.2.jar;C:\\Users\\SAMSUNG\\.gradle\\caches\\modules-2\\files-2.1\\app.cash.turbine\\turbine-jvm\\1.1.0\\a675cc2485be6f12a41538332d69a43d72c97674\\Turbine-jvm.jar;C:\\Users\\SAMSUNG\\.gradle\\caches\\8.13\\transforms\\bf6c3bb101b23bbb621f513224e038a3\\transformed\\material-1.13.0-runtime.jar;C:\\Users\\SAMSUNG\\.gradle\\caches\\8.13\\transforms\\08521697e23c3b53ed69a1ea6cef46a3\\transformed\\v2-user-2.20.6-runtime.jar;C:\\Users\\SAMSUNG\\.gradle\\caches\\8.13\\transforms\\b6ecfe4b36b5191ee17d3e502df1651b\\transformed\\v2-auth-2.20.6-runtime.jar;C:\\Users\\SAMSUNG\\.gradle\\caches\\8.13\\transforms\\060c05bddbd4d8e59f83d18b4d0c2990\\transformed\\constraintlayout-2.2.1-runtime.jar;C:\\Users\\SAMSUNG\\.gradle\\caches\\8.13\\transforms\\665bd658e5f3a58e47dacc303fd12888\\transformed\\appcompat-resources-1.7.1-runtime.jar;C:\\Users\\SAMSUNG\\.gradle\\caches\\8.13\\transforms\\e506fe529e528e6cf93b43ff4203ac7c\\transformed\\appcompat-1.7.1-runtime.jar;C:\\Users\\SAMSUNG\\.gradle\\caches\\8.13\\transforms\\dc0269720bd9b5d37f94b6456a0a464b\\transformed\\hilt-work-1.2.0-runtime.jar;C:\\Users\\SAMSUNG\\.gradle\\caches\\8.13\\transforms\\329c8bccc55aab4c6c45223a14e5b410\\transformed\\hilt-navigation-compose-1.2.0-runtime.jar;C:\\Users\\SAMSUNG\\.gradle\\caches\\8.13\\transforms\\89405e9e1519c733ec42faeafbf45ae9\\transformed\\hilt-navigation-1.2.0-runtime.jar;C:\\Users\\SAMSUNG\\.gradle\\caches\\8.13\\transforms\\48ffd5c1e1765317e916298621e9a251\\transformed\\hilt-android-2.51.1-runtime.jar;C:\\Users\\SAMSUNG\\.gradle\\caches\\8.13\\transforms\\c51361dc9f25fa6e2677deea5aef6c5d\\transformed\\app-1.4.0-runtime.jar;C:\\Users\\SAMSUNG\\.gradle\\caches\\8.13\\transforms\\1b529e8377e33949934be1a232d1b846\\transformed\\navigation-common-2.8.5-runtime.jar;C:\\Users\\SAMSUNG\\.gradle\\caches\\8.13\\transforms\\8d2d66103aa1f186b5e9f6f5d7b6dedf\\transformed\\navigation-runtime-2.8.5-runtime.jar;C:\\Users\\SAMSUNG\\.gradle\\caches\\8.13\\transforms\\616b6c34b1f5a9056530644c5475dfbf\\transformed\\navigation-common-ktx-2.8.5-runtime.jar;C:\\Users\\SAMSUNG\\.gradle\\caches\\8.13\\transforms\\4995048441777d363373bcd498fa2af2\\transformed\\navigation-runtime-ktx-2.8.5-runtime.jar;C:\\Users\\SAMSUNG\\.gradle\\caches\\8.13\\transforms\\60e27d4bbe5f9421baa599291be1e83b\\transformed\\navigation-compose-2.8.5-runtime.jar;C:\\Users\\SAMSUNG\\.gradle\\caches\\8.13\\transforms\\98db5784dc19f73ff5dbae44d396eab5\\transformed\\recyclerview-1.3.1-runtime.jar;C:\\Users\\SAMSUNG\\.gradle\\caches\\8.13\\transforms\\a3b7fbd8b29659f6c4e1e4b91a40076d\\transformed\\viewpager2-1.1.0-runtime.jar;C:\\Users\\SAMSUNG\\.gradle\\caches\\8.13\\transforms\\8ea720ff0b3ba433467893906584383b\\transformed\\play-services-location-21.3.0-runtime.jar;C:\\Users\\SAMSUNG\\.gradle\\caches\\8.13\\transforms\\085462373e6595e5851eb2c293991bfa\\transformed\\play-services-base-18.5.0-runtime.jar;C:\\Users\\SAMSUNG\\.gradle\\caches\\8.13\\transforms\\4b1bb4ff26b81889992b4ddce5d6967c\\transformed\\play-services-tasks-18.2.0-runtime.jar;C:\\Users\\SAMSUNG\\.gradle\\caches\\8.13\\transforms\\049bc9106e91bfd63a6b3241311e40c5\\transformed\\play-services-basement-18.4.0-runtime.jar;C:\\Users\\SAMSUNG\\.gradle\\caches\\8.13\\transforms\\73f7e17ea2394b0a455c89ff7379ec9f\\transformed\\fragment-1.8.3-runtime.jar;C:\\Users\\SAMSUNG\\.gradle\\caches\\8.13\\transforms\\1896631f1f95d1c749c7427d7ed40736\\transformed\\fragment-ktx-1.8.3-runtime.jar;C:\\Users\\SAMSUNG\\.gradle\\caches\\8.13\\transforms\\ecb6b3125188875e330ebc52c70eee07\\transformed\\material3-release-runtime.jar;C:\\Users\\SAMSUNG\\.gradle\\caches\\8.13\\transforms\\27575efecda01d22c45af30531841c80\\transformed\\material-release-runtime.jar;C:\\Users\\SAMSUNG\\.gradle\\caches\\8.13\\transforms\\de52886cfcb8ce73de74cc4b574eb00e\\transformed\\animation-core-release-runtime.jar;C:\\Users\\SAMSUNG\\.gradle\\caches\\8.13\\transforms\\a7c9ae53ee9ba1ba40876d0833bc8430\\transformed\\material-ripple-release-runtime.jar;C:\\Users\\SAMSUNG\\.gradle\\caches\\8.13\\transforms\\b9414fac1a5944bced4d92d7d79744a4\\transformed\\animation-release-runtime.jar;C:\\Users\\SAMSUNG\\.gradle\\caches\\8.13\\transforms\\b2fbbee43480668ebe62531cf49cf6bf\\transformed\\foundation-layout-release-runtime.jar;C:\\Users\\SAMSUNG\\.gradle\\caches\\8.13\\transforms\\24edcde3209058d294fc2fff8d83fe7c\\transformed\\foundation-release-runtime.jar;C:\\Users\\SAMSUNG\\.gradle\\caches\\8.13\\transforms\\6d6c4b0c64916f3a22ce1fda49e47d14\\transformed\\ui-tooling-data-release-runtime.jar;C:\\Users\\SAMSUNG\\.gradle\\caches\\8.13\\transforms\\b3d7bf6be5eb5f3da96f89116083ef16\\transformed\\ui-unit-release-runtime.jar;C:\\Users\\SAMSUNG\\.gradle\\caches\\8.13\\transforms\\1a26298c1bbb044957739821b7093b99\\transformed\\ui-geometry-release-runtime.jar;C:\\Users\\SAMSUNG\\.gradle\\caches\\8.13\\transforms\\712c55a3c17bf24c6b3558457233f9cd\\transformed\\ui-util-release-runtime.jar;C:\\Users\\SAMSUNG\\.gradle\\caches\\8.13\\transforms\\4eaf229b6f971726fcc0b03ac858ace9\\transformed\\ui-text-release-runtime.jar;C:\\Users\\SAMSUNG\\.gradle\\caches\\8.13\\transforms\\0c8a8d48d189ef7bc5c5b4fc341a58ad\\transformed\\ui-tooling-preview-release-runtime.jar;C:\\Users\\SAMSUNG\\.gradle\\caches\\8.13\\transforms\\ae3168e1c36f5e6e7bf86606cebdce62\\transformed\\ui-tooling-release-runtime.jar;C:\\Users\\SAMSUNG\\.gradle\\caches\\8.13\\transforms\\2eb26f3de24702f975d3c14a2a0a11d9\\transformed\\ui-graphics-release-runtime.jar;C:\\Users\\SAMSUNG\\.gradle\\caches\\8.13\\transforms\\d140521a24150b681c435edd5a37d187\\transformed\\ui-test-manifest-1.7.6-runtime.jar;C:\\Users\\SAMSUNG\\.gradle\\caches\\8.13\\transforms\\a0c8f9e468c44da374c381fa53e39c1f\\transformed\\emoji2-views-helper-1.3.0-runtime.jar;C:\\Users\\SAMSUNG\\.gradle\\caches\\8.13\\transforms\\2efc2e461ed86f086dfb16782f126ffc\\transformed\\emoji2-1.3.0-runtime.jar;C:\\Users\\SAMSUNG\\.gradle\\caches\\8.13\\transforms\\43de1b28021700825a8b21300afc1243\\transformed\\v2-navi-2.20.6-runtime.jar;C:\\Users\\SAMSUNG\\.gradle\\caches\\8.13\\transforms\\c9b1bbc4f7746a2c272dc9e6a3e541f5\\transformed\\v2-network-2.20.6-runtime.jar;C:\\Users\\SAMSUNG\\.gradle\\caches\\8.13\\transforms\\861bb1f57391eaaa9a384236d18eba4d\\transformed\\v2-common-2.20.6-runtime.jar;C:\\Users\\SAMSUNG\\.gradle\\caches\\8.13\\transforms\\24802358b47538484b8d7dda54c9014c\\transformed\\core-1.4.0-runtime.jar;C:\\Users\\SAMSUNG\\.gradle\\caches\\8.13\\transforms\\4cee028ad888cac6a8371baba3097c6a\\transformed\\graphics-shapes-release-runtime.jar;C:\\Users\\SAMSUNG\\.gradle\\caches\\8.13\\transforms\\497851356f4c08290f72db8b7f88dd7e\\transformed\\customview-poolingcontainer-1.0.0-runtime.jar;C:\\Users\\SAMSUNG\\.gradle\\caches\\8.13\\transforms\\f607d1c11b84e39d4727a91db1810013\\transformed\\core-ktx-1.17.0-runtime.jar;C:\\Users\\SAMSUNG\\.gradle\\caches\\8.13\\transforms\\2413e973d854e5d82cea136b6def3a4a\\transformed\\media-1.7.0-runtime.jar;C:\\Users\\SAMSUNG\\.gradle\\caches\\8.13\\transforms\\7708573f3d23a71d8b03f5726e1a4b57\\transformed\\drawerlayout-1.1.1-runtime.jar;C:\\Users\\SAMSUNG\\.gradle\\caches\\8.13\\transforms\\44bf6553d9197c9984592c372a299dfc\\transformed\\coordinatorlayout-1.1.0-runtime.jar;C:\\Users\\SAMSUNG\\.gradle\\caches\\8.13\\transforms\\314830c4e38faa9c257178cba394c19e\\transformed\\transition-1.5.0-runtime.jar;C:\\Users\\SAMSUNG\\.gradle\\caches\\8.13\\transforms\\20474ec285f97882bd958f2ba8e9352e\\transformed\\dynamicanimation-1.1.0-runtime.jar;C:\\Users\\SAMSUNG\\.gradle\\caches\\8.13\\transforms\\66d23335ae80ca80aedd01095ad09cf8\\transformed\\vectordrawable-animated-1.1.0-runtime.jar;C:\\Users\\SAMSUNG\\.gradle\\caches\\8.13\\transforms\\4e2452b0fb23d4adbf793c61488ff4ce\\transformed\\vectordrawable-1.1.0-runtime.jar;C:\\Users\\SAMSUNG\\.gradle\\caches\\8.13\\transforms\\6397359668b8844c324f4fff1457ace8\\transformed\\porcupine-android-4.0.0-runtime.jar;C:\\Users\\SAMSUNG\\.gradle\\caches\\8.13\\transforms\\1ae48fabd503fa888b7ba550cafa1ca5\\transformed\\android-voice-processor-1.0.2-runtime.jar;C:\\Users\\SAMSUNG\\.gradle\\caches\\8.13\\transforms\\c1a88db8d52aac390fe34a6dc4f21100\\transformed\\work-runtime-ktx-2.9.0-runtime.jar;C:\\Users\\SAMSUNG\\.gradle\\caches\\8.13\\transforms\\d8953de6396d5fe7d2b86f0295ede952\\transformed\\work-runtime-2.9.0-runtime.jar;C:\\Users\\SAMSUNG\\.gradle\\caches\\8.13\\transforms\\17466d2a7ec9de61fc6cb04eaa610a1a\\transformed\\viewpager-1.0.0-runtime.jar;C:\\Users\\SAMSUNG\\.gradle\\caches\\8.13\\transforms\\b5797454e9f3f513d626be89ee7578ab\\transformed\\customview-1.1.0-runtime.jar;C:\\Users\\SAMSUNG\\.gradle\\caches\\8.13\\transforms\\97b80ae0a67231f06c4f1907743d4bbc\\transformed\\browser-1.4.0-runtime.jar;C:\\Users\\SAMSUNG\\.gradle\\caches\\8.13\\transforms\\6b9a128e2c33dc59ea212cb4c581a838\\transformed\\loader-1.0.0-runtime.jar;C:\\Users\\SAMSUNG\\.gradle\\caches\\8.13\\transforms\\4857906c2fa99a4eadac10a076c2d697\\transformed\\autofill-1.0.0-runtime.jar;C:\\Users\\SAMSUNG\\.gradle\\caches\\8.13\\transforms\\24b610d252d33f45ade7ccba99f85e1a\\transformed\\graphics-path-1.0.1-runtime.jar;C:\\Users\\SAMSUNG\\.gradle\\caches\\8.13\\transforms\\f9ac933a745dc9610f783633eca84917\\transformed\\core-1.17.0-runtime.jar;C:\\Users\\SAMSUNG\\.gradle\\caches\\8.13\\transforms\\426b75b3dcd95d33ac9c0288f562d5a9\\transformed\\savedstate-ktx-1.2.1-runtime.jar;C:\\Users\\SAMSUNG\\.gradle\\caches\\8.13\\transforms\\019f96bfcfe369d4633cdac1d23cea2f\\transformed\\savedstate-1.2.1-runtime.jar;C:\\Users\\SAMSUNG\\.gradle\\caches\\8.13\\transforms\\289ed75d5206a1f2ef5bcfa8dbe98e55\\transformed\\lifecycle-service-2.8.6-runtime.jar;C:\\Users\\SAMSUNG\\.gradle\\caches\\8.13\\transforms\\7dab7236cb9dae1477d7f9f17a9d3034\\transformed\\lifecycle-livedata-2.8.6-runtime.jar;C:\\Users\\SAMSUNG\\.gradle\\caches\\8.13\\transforms\\48c93f7fd33f824c887deedfa9dd6b49\\transformed\\lifecycle-livedata-core-2.8.6-runtime.jar;C:\\Users\\SAMSUNG\\.gradle\\caches\\8.13\\transforms\\a9ab7a101b204973188ddd3b73597ad2\\transformed\\lifecycle-runtime-release-runtime.jar;C:\\Users\\SAMSUNG\\.gradle\\caches\\modules-2\\files-2.1\\androidx.lifecycle\\lifecycle-common-jvm\\2.8.6\\7174a594afb73a9ad9ac9074ce78b94af3cc52a7\\lifecycle-common-jvm-2.8.6.jar;C:\\Users\\SAMSUNG\\.gradle\\caches\\8.13\\transforms\\4de67a26ea6fab2310681d93eca41398\\transformed\\lifecycle-viewmodel-2.8.6-runtime.jar;C:\\Users\\SAMSUNG\\.gradle\\caches\\8.13\\transforms\\44841d892534f8a41907e0a138c5779d\\transformed\\lifecycle-viewmodel-release-runtime.jar;C:\\Users\\SAMSUNG\\.gradle\\caches\\8.13\\transforms\\ef296135f8d3ad3c63ea71264757c63f\\transformed\\lifecycle-process-2.8.6-runtime.jar;C:\\Users\\SAMSUNG\\.gradle\\caches\\modules-2\\files-2.1\\androidx.lifecycle\\lifecycle-common-java8\\2.8.6\\2ad14aed781c4a73ed4dbb421966d408a0a06686\\lifecycle-common-java8-2.8.6.jar;C:\\Users\\SAMSUNG\\.gradle\\caches\\8.13\\transforms\\428fa504ea858f1f3d7c9b88668f78cb\\transformed\\lifecycle-runtime-compose-release-runtime.jar;C:\\Users\\SAMSUNG\\.gradle\\caches\\8.13\\transforms\\2977a27436dc92304c5782d3b5ccec6e\\transformed\\lifecycle-livedata-core-ktx-2.8.6-runtime.jar;C:\\Users\\SAMSUNG\\.gradle\\caches\\8.13\\transforms\\1c4d8259ad1d7b9ef6e8e729e8e22220\\transformed\\lifecycle-runtime-ktx-release-runtime.jar;C:\\Users\\SAMSUNG\\.gradle\\caches\\8.13\\transforms\\21577977ccdc879914e1f116890146c0\\transformed\\lifecycle-viewmodel-savedstate-2.8.6-runtime.jar;C:\\Users\\SAMSUNG\\.gradle\\caches\\8.13\\transforms\\7cafaadf873fa6bee71d2b6eff77c4b9\\transformed\\lifecycle-viewmodel-ktx-2.8.6-runtime.jar;C:\\Users\\SAMSUNG\\.gradle\\caches\\8.13\\transforms\\c7e5139c16c7ac0e0e2e62d45bb59e1b\\transformed\\lifecycle-viewmodel-compose-release-runtime.jar;C:\\Users\\SAMSUNG\\.gradle\\caches\\8.13\\transforms\\3a813ceb929696f089fac65c3eb307cd\\transformed\\material-icons-extended-release-runtime.jar;C:\\Users\\SAMSUNG\\.gradle\\caches\\8.13\\transforms\\65ef23f71eb0a2cc2bc7f7bad54935a2\\transformed\\material-icons-core-release-runtime.jar;C:\\Users\\SAMSUNG\\.gradle\\caches\\8.13\\transforms\\b6c8867309b3c30b263dec2643ba45ac\\transformed\\ui-release-runtime.jar;C:\\Users\\SAMSUNG\\.gradle\\caches\\8.13\\transforms\\413ca70d9789592d873946f9210a87c9\\transformed\\activity-ktx-1.11.0-runtime.jar;C:\\Users\\SAMSUNG\\.gradle\\caches\\8.13\\transforms\\9c2889ef92c1ee7c072d83b96d1382fb\\transformed\\activity-compose-1.11.0-runtime.jar;C:\\Users\\SAMSUNG\\.gradle\\caches\\8.13\\transforms\\48ac1bc241d79064a9bfc238927609e6\\transformed\\activity-1.11.0-runtime.jar;C:\\Users\\SAMSUNG\\.gradle\\caches\\8.13\\transforms\\460381f1affd1544a8bf6df9aeec2660\\transformed\\runtime-saveable-release-runtime.jar;C:\\Users\\SAMSUNG\\.gradle\\caches\\8.13\\transforms\\36f06537790aa93fa810f7442a16d983\\transformed\\runtime-release-runtime.jar;C:\\Users\\SAMSUNG\\.gradle\\caches\\modules-2\\files-2.1\\androidx.room\\room-common\\2.6.1\\ff1b9580850a9b7eef56554e356628d225785265\\room-common-2.6.1.jar;C:\\Users\\SAMSUNG\\.gradle\\caches\\8.13\\transforms\\24d1dc19a8f990dd1f673039fe86a321\\transformed\\room-runtime-2.6.1-runtime.jar;C:\\Users\\SAMSUNG\\.gradle\\caches\\8.13\\transforms\\299fc8a19eb520912c2d6a4b2ab5e8a9\\transformed\\room-ktx-2.6.1-runtime.jar;C:\\Users\\SAMSUNG\\.gradle\\caches\\modules-2\\files-2.1\\org.jetbrains.kotlinx\\kotlinx-coroutines-android\\1.8.1\\73e2acdd18df99dd4849d99f188dff529fc0afe0\\kotlinx-coroutines-android-1.8.1.jar;C:\\Users\\SAMSUNG\\.gradle\\caches\\modules-2\\files-2.1\\io.mockk\\mockk-dsl-jvm\\1.13.10\\b1e3ea7af44726ec0ca9e4a754174f025efd2316\\mockk-dsl-jvm-1.13.10.jar;C:\\Users\\SAMSUNG\\.gradle\\caches\\modules-2\\files-2.1\\org.jetbrains.kotlinx\\kotlinx-coroutines-test-jvm\\1.8.1\\3265a39680512dc93d5b39716d9aaff025833218\\kotlinx-coroutines-test-jvm-1.8.1.jar;C:\\Users\\SAMSUNG\\.gradle\\caches\\modules-2\\files-2.1\\org.jetbrains.kotlinx\\kotlinx-coroutines-core-jvm\\1.8.1\\bb0e192bd7c2b6b8217440d36e9758e377e450\\kotlinx-coroutines-core-jvm-1.8.1.jar;C:\\Users\\SAMSUNG\\.gradle\\caches\\modules-2\\files-2.1\\org.json\\json\\20231013\\e22e0c040fe16f04ffdb85d851d77b07fc05ea52\\json-20231013.jar;C:\\Users\\SAMSUNG\\.gradle\\caches\\8.13\\transforms\\f3212121be08c10f7d2167938b391bba\\transformed\\viewbinding-8.13.2-runtime.jar;C:\\Users\\SAMSUNG\\.gradle\\caches\\8.13\\transforms\\dc80d10f34a5d689178d13e0104d4c53\\transformed\\core-viewtree-1.0.0-runtime.jar;C:\\Users\\SAMSUNG\\.gradle\\caches\\modules-2\\files-2.1\\com.squareup.retrofit2\\converter-gson\\2.9.0\\fc93484fc67ab52b1e0ccbdaa3922d8a6678e097\\converter-gson-2.9.0.jar;C:\\Users\\SAMSUNG\\.gradle\\caches\\modules-2\\files-2.1\\com.squareup.retrofit2\\retrofit\\2.9.0\\d8fdfbd5da952141a665a403348b74538efc05ff\\retrofit-2.9.0.jar;C:\\Users\\SAMSUNG\\.gradle\\caches\\modules-2\\files-2.1\\com.squareup.okhttp3\\logging-interceptor\\4.11.0\\87fa769912b1f738f3c2dd87e3bca4d1d7f0e666\\logging-interceptor-4.11.0.jar;C:\\Users\\SAMSUNG\\.gradle\\caches\\modules-2\\files-2.1\\com.squareup.okhttp3\\okhttp\\4.11.0\\436932d695b2c43f2c86b8111c596179cd133d56\\okhttp-4.11.0.jar;C:\\Users\\SAMSUNG\\.gradle\\caches\\modules-2\\files-2.1\\org.jetbrains.kotlin\\kotlin-parcelize-runtime\\1.8.0\\cdcda63c7daff9f7b542b64f4655b67791e81cbd\\kotlin-parcelize-runtime-1.8.0.jar;C:\\Users\\SAMSUNG\\.gradle\\caches\\8.13\\transforms\\c8e539e462f1961047c21d89050fb965\\transformed\\sqlite-framework-2.4.0-runtime.jar;C:\\Users\\SAMSUNG\\.gradle\\caches\\8.13\\transforms\\9d0024b6b28a97836c6245bc9a2a60a9\\transformed\\sqlite-2.4.0-runtime.jar;C:\\Users\\SAMSUNG\\.gradle\\caches\\8.13\\transforms\\510a48bb41184e06ae277c5899d4cba4\\transformed\\security-crypto-1.1.0-alpha06-runtime.jar;C:\\Users\\SAMSUNG\\.gradle\\caches\\8.13\\transforms\\fd548c608142b9d4da7da7511b33045e\\transformed\\cursoradapter-1.0.0-runtime.jar;C:\\Users\\SAMSUNG\\.gradle\\caches\\modules-2\\files-2.1\\androidx.resourceinspection\\resourceinspection-annotation\\1.0.1\\8c21f8ff5d96d5d52c948707f7e4d6ca6773feef\\resourceinspection-annotation-1.0.1.jar;C:\\Users\\SAMSUNG\\.gradle\\caches\\8.13\\transforms\\17639b6ba3f2c1ee81c35ed29532b635\\transformed\\cardview-1.0.0-runtime.jar;C:\\Users\\SAMSUNG\\.gradle\\caches\\8.13\\transforms\\5b116f5fdebf58b06cd88dd4af3df6d9\\transformed\\profileinstaller-1.4.0-runtime.jar;C:\\Users\\SAMSUNG\\.gradle\\caches\\modules-2\\files-2.1\\androidx.constraintlayout\\constraintlayout-core\\1.1.1\\f7ab6170b99b9421bd4942846426ff820b552f7d\\constraintlayout-core-1.1.1.jar;C:\\Users\\SAMSUNG\\.gradle\\caches\\8.13\\transforms\\8286669790b4e166cf85778eb840a86a\\transformed\\core-runtime-2.2.0-runtime.jar;C:\\Users\\SAMSUNG\\.gradle\\caches\\8.13\\transforms\\7e989d94009487fc838f5758b8f2a513\\transformed\\monitor-1.4.0-runtime.jar;C:\\Users\\SAMSUNG\\.gradle\\caches\\8.13\\transforms\\d1ce5dc158a2ea84d5ebd0f73e413eaf\\transformed\\startup-runtime-1.1.1-runtime.jar;C:\\Users\\SAMSUNG\\.gradle\\caches\\8.13\\transforms\\67e6c811fe61261fc92485d6d6ab11e5\\transformed\\tracing-1.2.0-runtime.jar;C:\\Users\\SAMSUNG\\.gradle\\caches\\8.13\\transforms\\86331fec48f3c7aaafb89c6d70687b2a\\transformed\\interpolator-1.0.0-runtime.jar;C:\\Users\\SAMSUNG\\.gradle\\caches\\8.13\\transforms\\45268f7c382306ba59424d96c1ea1322\\transformed\\versionedparcelable-1.1.1-runtime.jar;C:\\Users\\SAMSUNG\\.gradle\\caches\\modules-2\\files-2.1\\androidx.concurrent\\concurrent-futures\\1.1.0\\50b7fb98350d5f42a4e49704b03278542293ba48\\concurrent-futures-1.1.0.jar;C:\\Users\\SAMSUNG\\.gradle\\caches\\modules-2\\files-2.1\\androidx.arch.core\\core-common\\2.2.0\\5e1b8b81dfd5f52c56a8d53b18ca759c19a301f3\\core-common-2.2.0.jar;C:\\Users\\SAMSUNG\\.gradle\\caches\\modules-2\\files-2.1\\androidx.collection\\collection-ktx\\1.4.4\\2ad14aed781c4a73ed4dbb421966d408a0a06686\\collection-ktx-1.4.4.jar;C:\\Users\\SAMSUNG\\.gradle\\caches\\modules-2\\files-2.1\\androidx.collection\\collection-jvm\\1.4.4\\da13a7e557c430276b8cb490420effebc1398c0d\\collection-jvm-1.4.4.jar;C:\\Users\\SAMSUNG\\.gradle\\caches\\modules-2\\files-2.1\\androidx.annotation\\annotation-jvm\\1.8.1\\b8a16fe526014b7941c1debaccaf9c5153692dbb\\annotation-jvm-1.8.1.jar;C:\\Users\\SAMSUNG\\.gradle\\caches\\8.13\\transforms\\ea7c53fbae7001ca13f986535fb7b938\\transformed\\annotation-experimental-1.4.1-runtime.jar;C:\\Users\\SAMSUNG\\.gradle\\caches\\modules-2\\files-2.1\\org.jetbrains.kotlinx\\kotlinx-serialization-core-jvm\\1.6.3\\6b6c17d0312ba7192893adea9d52959941d0119b\\kotlinx-serialization-core-jvm-1.6.3.jar;C:\\Users\\SAMSUNG\\.gradle\\caches\\modules-2\\files-2.1\\com.squareup.okio\\okio-jvm\\3.2.0\\332d1c5dc82b0241cb1d35bb0901d28470cc89ca\\okio-jvm-3.2.0.jar;C:\\Users\\SAMSUNG\\.gradle\\caches\\modules-2\\files-2.1\\io.mockk\\mockk-agent-jvm\\1.13.10\\4a144290f047ada63796fb9c061c76bbd2f64156\\mockk-agent-jvm-1.13.10.jar;C:\\Users\\SAMSUNG\\.gradle\\caches\\modules-2\\files-2.1\\io.mockk\\mockk-agent-api-jvm\\1.13.10\\5988872b54675e07b8409ba358354c739ebeb3b8\\mockk-agent-api-jvm-1.13.10.jar;C:\\Users\\SAMSUNG\\.gradle\\caches\\modules-2\\files-2.1\\io.mockk\\mockk-core-jvm\\1.13.10\\6f0c5c3855499dbdb202d964aa5bc671335ff548\\mockk-core-jvm-1.13.10.jar;C:\\Users\\SAMSUNG\\.gradle\\caches\\modules-2\\files-2.1\\org.jetbrains.kotlin\\kotlin-android-extensions-runtime\\1.8.0\\b8e5c4b20c0279528b5313b918241498d79faa7a\\kotlin-android-extensions-runtime-1.8.0.jar;C:\\Users\\SAMSUNG\\.gradle\\caches\\modules-2\\files-2.1\\org.jetbrains.kotlin\\kotlin-stdlib-jdk8\\1.9.10\\c7510d64a83411a649c76f2778304ddf71d7437b\\kotlin-stdlib-jdk8-1.9.10.jar;C:\\Users\\SAMSUNG\\.gradle\\caches\\modules-2\\files-2.1\\org.jetbrains.kotlin\\kotlin-reflect\\1.9.10\\dd37cb80926cb4ed427b606502e6f6f063d38fb5\\kotlin-reflect-1.9.10.jar;C:\\Users\\SAMSUNG\\.gradle\\caches\\modules-2\\files-2.1\\org.jetbrains.kotlin\\kotlin-stdlib-jdk7\\1.9.10\\bc5bfc2690338defd5195b05c57562f2194eeb10\\kotlin-stdlib-jdk7-1.9.10.jar;C:\\Users\\SAMSUNG\\.gradle\\caches\\modules-2\\files-2.1\\org.jetbrains.kotlin\\kotlin-stdlib\\2.0.21\\618b539767b4899b4660a83006e052b63f1db551\\kotlin-stdlib-2.0.21.jar;C:\\Users\\SAMSUNG\\.gradle\\caches\\8.13\\transforms\\27b5b6add35cab54c0e73cebc09e0e81\\transformed\\android-2.12.18-runtime.jar;C:\\Users\\SAMSUNG\\.gradle\\caches\\8.13\\transforms\\4230cd8679c361a98095b9bdc5dc5429\\transformed\\vosk-android-0.3.47-runtime.jar;C:\\Users\\SAMSUNG\\.gradle\\caches\\modules-2\\files-2.1\\com.google.crypto.tink\\tink-android\\1.8.0\\bda82b49568d444a3b54773ca5aa487816473295\\tink-android-1.8.0.jar;C:\\Users\\SAMSUNG\\.gradle\\caches\\modules-2\\files-2.1\\com.google.code.gson\\gson\\2.10.1\\b3add478d4382b78ea20b1671390a858002feb6c\\gson-2.10.1.jar;C:\\Users\\SAMSUNG\\.gradle\\caches\\modules-2\\files-2.1\\org.hamcrest\\hamcrest-core\\1.3\\42a25dc3219429f0e5d060061f71acb49bf010a0\\hamcrest-core-1.3.jar;C:\\Users\\SAMSUNG\\.gradle\\caches\\modules-2\\files-2.1\\androidx.hilt\\hilt-common\\1.2.0\\9ca9c006cfce81d1435a0735fdab4b9e1166faa1\\hilt-common-1.2.0.jar;C:\\Users\\SAMSUNG\\.gradle\\caches\\modules-2\\files-2.1\\com.google.dagger\\hilt-core\\2.51.1\\ea893fd757e1c12c960441c1a9056b13bf07d8f1\\hilt-core-2.51.1.jar;C:\\Users\\SAMSUNG\\.gradle\\caches\\modules-2\\files-2.1\\com.google.dagger\\dagger\\2.51.1\\48cb41ae824574a5c5f961e45c833650bf19c956\\dagger-2.51.1.jar;C:\\Users\\SAMSUNG\\.gradle\\caches\\8.13\\transforms\\76181506e1c9d7e0e3238aed28f90138\\transformed\\dagger-lint-aar-2.51.1-runtime.jar;C:\\Users\\SAMSUNG\\.gradle\\caches\\modules-2\\files-2.1\\com.google.guava\\guava\\31.1-android\\9222c47cc3ae890f07f7c961bbb3cb69050fe4aa\\guava-31.1-android.jar;C:\\Users\\SAMSUNG\\.gradle\\caches\\modules-2\\files-2.1\\com.google.code.findbugs\\jsr305\\3.0.2\\25ea2e8b0c338a877313bd4672d3fe056ea78f0d\\jsr305-3.0.2.jar;C:\\Users\\SAMSUNG\\.gradle\\caches\\8.13\\transforms\\b463784967b80292deaa380c45dadeaf\\transformed\\multidex-2.0.1-runtime.jar;C:\\Users\\SAMSUNG\\.gradle\\caches\\modules-2\\files-2.1\\javax.inject\\javax.inject\\1\\6975da39a7040257bd51d21a231b76c915872d38\\javax.inject-1.jar;C:\\Users\\SAMSUNG\\.gradle\\caches\\modules-2\\files-2.1\\org.jetbrains\\annotations\\23.0.0\\8cc20c07506ec18e0834947b84a864bfc094484e\\annotations-23.0.0.jar;C:\\Users\\SAMSUNG\\.gradle\\caches\\modules-2\\files-2.1\\com.google.errorprone\\error_prone_annotations\\2.15.0\\38c8485a652f808c8c149150da4e5c2b0bd17f9a\\error_prone_annotations-2.15.0.jar;C:\\Users\\SAMSUNG\\.gradle\\caches\\8.13\\transforms\\3862af367ceba212d93533b573e0c7c3\\transformed\\relinker-1.4.5-runtime.jar;C:\\Users\\SAMSUNG\\.gradle\\caches\\8.13\\transforms\\788b98a663929514bedc4805f33147d7\\transformed\\jna-5.13.0-runtime.jar;C:\\Users\\SAMSUNG\\.gradle\\caches\\modules-2\\files-2.1\\org.junit.jupiter\\junit-jupiter-params\\5.8.2\\ddeafe92fc263f895bfb73ffeca7fd56e23c2cce\\junit-jupiter-params-5.8.2.jar;C:\\Users\\SAMSUNG\\.gradle\\caches\\modules-2\\files-2.1\\org.junit.jupiter\\junit-jupiter-engine\\5.8.2\\c598b4328d2f397194d11df3b1648d68d7d990e3\\junit-jupiter-engine-5.8.2.jar;C:\\Users\\SAMSUNG\\.gradle\\caches\\modules-2\\files-2.1\\org.junit.jupiter\\junit-jupiter-api\\5.8.2\\4c21029217adf07e4c0d0c5e192b6bf610c94bdc\\junit-jupiter-api-5.8.2.jar;C:\\Users\\SAMSUNG\\.gradle\\caches\\modules-2\\files-2.1\\org.junit.platform\\junit-platform-engine\\1.8.2\\b737de09f19864bd136805c84df7999a142fec29\\junit-platform-engine-1.8.2.jar;C:\\Users\\SAMSUNG\\.gradle\\caches\\modules-2\\files-2.1\\org.junit.platform\\junit-platform-commons\\1.8.2\\32c8b8617c1342376fd5af2053da6410d8866861\\junit-platform-commons-1.8.2.jar;C:\\Users\\SAMSUNG\\.gradle\\caches\\modules-2\\files-2.1\\org.junit.jupiter\\junit-jupiter\\5.8.2\\5a817b1e63f1217e5c586090c45e681281f097ad\\junit-jupiter-5.8.2.jar;C:\\Users\\SAMSUNG\\.gradle\\caches\\modules-2\\files-2.1\\com.google.guava\\listenablefuture\\9999.0-empty-to-avoid-conflict-with-guava\\b421526c5f297295adef1c886e5246c39d4ac629\\listenablefuture-9999.0-empty-to-avoid-conflict-with-guava.jar;C:\\Users\\SAMSUNG\\.gradle\\caches\\modules-2\\files-2.1\\org.jspecify\\jspecify\\1.0.0\\7425a601c1c7ec76645a78d22b8c6a627edee507\\jspecify-1.0.0.jar;C:\\Users\\SAMSUNG\\.gradle\\caches\\modules-2\\files-2.1\\com.google.guava\\failureaccess\\1.0.1\\1dcf1de382a0bf95a3d8b0849546c88bac1292c9\\failureaccess-1.0.1.jar;C:\\Users\\SAMSUNG\\.gradle\\caches\\modules-2\\files-2.1\\org.checkerframework\\checker-qual\\3.12.0\\d5692f0526415fcc6de94bb5bfbd3afd9dd3b3e5\\checker-qual-3.12.0.jar;C:\\Users\\SAMSUNG\\.gradle\\caches\\modules-2\\files-2.1\\com.google.j2objc\\j2objc-annotations\\1.3\\ba035118bc8bac37d7eff77700720999acd9986d\\j2objc-annotations-1.3.jar;C:\\Users\\SAMSUNG\\.gradle\\caches\\modules-2\\files-2.1\\org.objenesis\\objenesis\\3.3\\1049c09f1de4331e8193e579448d0916d75b7631\\objenesis-3.3.jar;C:\\Users\\SAMSUNG\\.gradle\\caches\\modules-2\\files-2.1\\net.bytebuddy\\byte-buddy\\1.14.6\\316c1b1f3208a9d716c4419ed2080443235f7d1\\byte-buddy-1.14.6.jar;C:\\Users\\SAMSUNG\\.gradle\\caches\\modules-2\\files-2.1\\net.bytebuddy\\byte-buddy-agent\\1.14.6\\46e2545d7a97b6ccb195621650c5957279eb4812\\byte-buddy-agent-1.14.6.jar;C:\\Users\\SAMSUNG\\.gradle\\caches\\modules-2\\files-2.1\\org.opentest4j\\opentest4j\\1.2.0\\28c11eb91f9b6d8e200631d46e20a7f407f2a046\\opentest4j-1.2.0.jar;D:\\gradle-builds\\ezmap-app\\intermediates\\java_res\\debug\\processDebugJavaRes\\out;C:\\Users\\SAMSUNG\\.gradle\\caches\\8.13\\transforms\\baa4b3936d5097fc4868bcfc1d81bd04\\transformed\\hilt-android-testing-2.51.1\\jars\\classes.jar;C:\\Users\\SAMSUNG\\.gradle\\caches\\8.13\\transforms\\036d15195609eaa52eaf89cb94c40d39\\transformed\\material-1.13.0\\jars\\classes.jar;C:\\Users\\SAMSUNG\\.gradle\\caches\\8.13\\transforms\\32981dade992292986b32d6301663c26\\transformed\\v2-user-2.20.6\\jars\\classes.jar;C:\\Users\\SAMSUNG\\.gradle\\caches\\8.13\\transforms\\1ed795345881ea38c9db0156da111148\\transformed\\v2-auth-2.20.6\\jars\\classes.jar;C:\\Users\\SAMSUNG\\.gradle\\caches\\8.13\\transforms\\cfb3bc1acf79f9d83110df2cce431d68\\transformed\\constraintlayout-2.2.1\\jars\\classes.jar;C:\\Users\\SAMSUNG\\.gradle\\caches\\8.13\\transforms\\860ac1cd061f82e4afb64596c2bb4849\\transformed\\appcompat-resources-1.7.1\\jars\\classes.jar;C:\\Users\\SAMSUNG\\.gradle\\caches\\8.13\\transforms\\3f3fe8b78fbb9e2a4f944175935a337a\\transformed\\appcompat-1.7.1\\jars\\classes.jar;C:\\Users\\SAMSUNG\\.gradle\\caches\\8.13\\transforms\\41311664037c53d4b62aefce8e11663d\\transformed\\hilt-work-1.2.0\\jars\\classes.jar;C:\\Users\\SAMSUNG\\.gradle\\caches\\8.13\\transforms\\e80b50a0e54da267657d35c4d42a3253\\transformed\\hilt-navigation-compose-1.2.0\\jars\\classes.jar;C:\\Users\\SAMSUNG\\.gradle\\caches\\8.13\\transforms\\bdc3d24601f11012249ea86bdb010bbb\\transformed\\hilt-navigation-1.2.0\\jars\\classes.jar;C:\\Users\\SAMSUNG\\.gradle\\caches\\8.13\\transforms\\0e4685d18f085cfe345d10c8b9cd4ea9\\transformed\\hilt-android-2.51.1\\jars\\classes.jar;C:\\Users\\SAMSUNG\\.gradle\\caches\\8.13\\transforms\\84a599481b7b94955e57158805401594\\transformed\\app-1.4.0\\jars\\classes.jar;C:\\Users\\SAMSUNG\\.gradle\\caches\\8.13\\transforms\\d9ab73ba552df3f9c14d88c31d0508fe\\transformed\\navigation-common-2.8.5\\jars\\classes.jar;C:\\Users\\SAMSUNG\\.gradle\\caches\\8.13\\transforms\\44df4c25dc71523f6f8d4625abde6561\\transformed\\navigation-runtime-2.8.5\\jars\\classes.jar;C:\\Users\\SAMSUNG\\.gradle\\caches\\8.13\\transforms\\e87f65c3fc260fab9c0763a5718fe3ea\\transformed\\navigation-common-ktx-2.8.5\\jars\\classes.jar;C:\\Users\\SAMSUNG\\.gradle\\caches\\8.13\\transforms\\78597b69c6166ad591da114e006190e0\\transformed\\navigation-runtime-ktx-2.8.5\\jars\\classes.jar;C:\\Users\\SAMSUNG\\.gradle\\caches\\8.13\\transforms\\ee0864672dbbfca0d7ca40c0ba3d5602\\transformed\\navigation-compose-2.8.5\\jars\\classes.jar;C:\\Users\\SAMSUNG\\.gradle\\caches\\8.13\\transforms\\cb3c91f914a18a87f72c47abbc5a0b3e\\transformed\\recyclerview-1.3.1\\jars\\classes.jar;C:\\Users\\SAMSUNG\\.gradle\\caches\\8.13\\transforms\\41362ff82dc16b17dd0d2ede660aac37\\transformed\\viewpager2-1.1.0\\jars\\classes.jar;C:\\Users\\SAMSUNG\\.gradle\\caches\\8.13\\transforms\\2e34eae7e963f016c7a3325191d4e9d7\\transformed\\play-services-location-21.3.0\\jars\\classes.jar;C:\\Users\\SAMSUNG\\.gradle\\caches\\8.13\\transforms\\afd155df9df759c567fecc55bed68bcb\\transformed\\play-services-base-18.5.0\\jars\\classes.jar;C:\\Users\\SAMSUNG\\.gradle\\caches\\8.13\\transforms\\d36b4ffe03dc7e0d06842c116aaffa00\\transformed\\play-services-tasks-18.2.0\\jars\\classes.jar;C:\\Users\\SAMSUNG\\.gradle\\caches\\8.13\\transforms\\af5ecf8949dc719b233676aa647d6c45\\transformed\\play-services-basement-18.4.0\\jars\\classes.jar;C:\\Users\\SAMSUNG\\.gradle\\caches\\8.13\\transforms\\0b0ee5b87ff63df7ac98c6684210b078\\transformed\\fragment-1.8.3\\jars\\classes.jar;C:\\Users\\SAMSUNG\\.gradle\\caches\\8.13\\transforms\\d1c5288ae1accec50947a969c681683e\\transformed\\fragment-ktx-1.8.3\\jars\\classes.jar;C:\\Users\\SAMSUNG\\.gradle\\caches\\8.13\\transforms\\96e869fd14832e6b20d84ba9848ff3b0\\transformed\\material3-release\\jars\\classes.jar;C:\\Users\\SAMSUNG\\.gradle\\caches\\8.13\\transforms\\2898a191ffeb8a1971c1b5f10db5d898\\transformed\\material-release\\jars\\classes.jar;C:\\Users\\SAMSUNG\\.gradle\\caches\\8.13\\transforms\\17b922d44c888a4a42bc888cb81dce67\\transformed\\animation-core-release\\jars\\classes.jar;C:\\Users\\SAMSUNG\\.gradle\\caches\\8.13\\transforms\\4794e8d6b009553a8e40fb772966ece1\\transformed\\material-ripple-release\\jars\\classes.jar;C:\\Users\\SAMSUNG\\.gradle\\caches\\8.13\\transforms\\83b8675b20a873765dd18d76c3323c96\\transformed\\animation-release\\jars\\classes.jar;C:\\Users\\SAMSUNG\\.gradle\\caches\\8.13\\transforms\\fd1bfaa234c77e818065397d2463b4d9\\transformed\\foundation-layout-release\\jars\\classes.jar;C:\\Users\\SAMSUNG\\.gradle\\caches\\8.13\\transforms\\d338e95df68f3a41ef4e4705f0ffe278\\transformed\\foundation-release\\jars\\classes.jar;C:\\Users\\SAMSUNG\\.gradle\\caches\\8.13\\transforms\\cfef56719ac6958e3357b8f4dc6c2363\\transformed\\ui-tooling-data-release\\jars\\classes.jar;C:\\Users\\SAMSUNG\\.gradle\\caches\\8.13\\transforms\\66b6aa861ff9110d171b85b9b3e854ea\\transformed\\ui-unit-release\\jars\\classes.jar;C:\\Users\\SAMSUNG\\.gradle\\caches\\8.13\\transforms\\2bee2dcf745fc78035e8c52e32e398ca\\transformed\\ui-geometry-release\\jars\\classes.jar;C:\\Users\\SAMSUNG\\.gradle\\caches\\8.13\\transforms\\c48f41ebc9f76d33b5ee30041c3adad3\\transformed\\ui-util-release\\jars\\classes.jar;C:\\Users\\SAMSUNG\\.gradle\\caches\\8.13\\transforms\\ec9d47328a668712e1ac5eacc6e1fdd8\\transformed\\ui-text-release\\jars\\classes.jar;C:\\Users\\SAMSUNG\\.gradle\\caches\\8.13\\transforms\\5bae98c8e49f040e703071a3314d4f29\\transformed\\ui-tooling-preview-release\\jars\\classes.jar;C:\\Users\\SAMSUNG\\.gradle\\caches\\8.13\\transforms\\2c9ee6d4335d0e637c746be34288c73b\\transformed\\ui-tooling-release\\jars\\classes.jar;C:\\Users\\SAMSUNG\\.gradle\\caches\\8.13\\transforms\\70f0954647ec99a0584413e6b0183e01\\transformed\\ui-graphics-release\\jars\\classes.jar;C:\\Users\\SAMSUNG\\.gradle\\caches\\8.13\\transforms\\973d25b23120b8a6cf17fa02d4b8795c\\transformed\\ui-test-manifest-1.7.6\\jars\\classes.jar;C:\\Users\\SAMSUNG\\.gradle\\caches\\8.13\\transforms\\c3e639145527fe52c0bae39266db8299\\transformed\\emoji2-views-helper-1.3.0\\jars\\classes.jar;C:\\Users\\SAMSUNG\\.gradle\\caches\\8.13\\transforms\\c01e8707edbfdef78a05c14b70e94254\\transformed\\emoji2-1.3.0\\jars\\classes.jar;C:\\Users\\SAMSUNG\\.gradle\\caches\\8.13\\transforms\\c01e8707edbfdef78a05c14b70e94254\\transformed\\emoji2-1.3.0\\jars\\libs\\repackaged.jar;C:\\Users\\SAMSUNG\\.gradle\\caches\\8.13\\transforms\\c914480b1e006d934311c4577b350273\\transformed\\v2-navi-2.20.6\\jars\\classes.jar;C:\\Users\\SAMSUNG\\.gradle\\caches\\8.13\\transforms\\1fa774e7b8394d89a197e909855a1a9d\\transformed\\v2-network-2.20.6\\jars\\classes.jar;C:\\Users\\SAMSUNG\\.gradle\\caches\\8.13\\transforms\\c6379dfb71274e1ed8b562a688752917\\transformed\\v2-common-2.20.6\\jars\\classes.jar;C:\\Users\\SAMSUNG\\.gradle\\caches\\8.13\\transforms\\ba59e772bac6717eb15f4579b5bd35e3\\transformed\\core-1.4.0\\jars\\classes.jar;C:\\Users\\SAMSUNG\\.gradle\\caches\\8.13\\transforms\\34e28c811b977c589db7c457c56185c4\\transformed\\graphics-shapes-release\\jars\\classes.jar;C:\\Users\\SAMSUNG\\.gradle\\caches\\8.13\\transforms\\f54b4775dd9265c258f455516a5c3c7a\\transformed\\customview-poolingcontainer-1.0.0\\jars\\classes.jar;C:\\Users\\SAMSUNG\\.gradle\\caches\\8.13\\transforms\\ec7435380b2841046a5d9ffb20824946\\transformed\\core-ktx-1.17.0\\jars\\classes.jar;C:\\Users\\SAMSUNG\\.gradle\\caches\\8.13\\transforms\\4f6d6840586ca00389dafc6bc01ca96f\\transformed\\media-1.7.0\\jars\\classes.jar;C:\\Users\\SAMSUNG\\.gradle\\caches\\8.13\\transforms\\ed62547667e60fbed70bf34c917adc68\\transformed\\drawerlayout-1.1.1\\jars\\classes.jar;C:\\Users\\SAMSUNG\\.gradle\\caches\\8.13\\transforms\\428719e6145cf1a8ce7bb3d8cb232ecb\\transformed\\coordinatorlayout-1.1.0\\jars\\classes.jar;C:\\Users\\SAMSUNG\\.gradle\\caches\\8.13\\transforms\\9bae2bea80076f2f65ea971d45468b41\\transformed\\transition-1.5.0\\jars\\classes.jar;C:\\Users\\SAMSUNG\\.gradle\\caches\\8.13\\transforms\\64ba1dddf383e4c9fd87b33e4b293735\\transformed\\dynamicanimation-1.1.0\\jars\\classes.jar;C:\\Users\\SAMSUNG\\.gradle\\caches\\8.13\\transforms\\04a4436235885340f4e0cd0314738ec4\\transformed\\vectordrawable-animated-1.1.0\\jars\\classes.jar;C:\\Users\\SAMSUNG\\.gradle\\caches\\8.13\\transforms\\02858286d057f504020d122acb14e3d0\\transformed\\vectordrawable-1.1.0\\jars\\classes.jar;C:\\Users\\SAMSUNG\\.gradle\\caches\\8.13\\transforms\\fdf869d722c19aa7cccf191f2c5bb725\\transformed\\porcupine-android-4.0.0\\jars\\classes.jar;C:\\Users\\SAMSUNG\\.gradle\\caches\\8.13\\transforms\\9451f9747e134b770e8644f5bd5f2895\\transformed\\android-voice-processor-1.0.2\\jars\\classes.jar;C:\\Users\\SAMSUNG\\.gradle\\caches\\8.13\\transforms\\5e6fce2e889d80bbc9b65620935e0528\\transformed\\work-runtime-ktx-2.9.0\\jars\\classes.jar;C:\\Users\\SAMSUNG\\.gradle\\caches\\8.13\\transforms\\11040223fde29b3f21a1cc18597109b2\\transformed\\work-runtime-2.9.0\\jars\\classes.jar;C:\\Users\\SAMSUNG\\.gradle\\caches\\8.13\\transforms\\710a6a45a3e88491ccc41f31a79f9712\\transformed\\viewpager-1.0.0\\jars\\classes.jar;C:\\Users\\SAMSUNG\\.gradle\\caches\\8.13\\transforms\\6796b72b4c81e60cc1129a49c4b204d0\\transformed\\customview-1.1.0\\jars\\classes.jar;C:\\Users\\SAMSUNG\\.gradle\\caches\\8.13\\transforms\\3bd34044129558a6bf6c6c7201035875\\transformed\\browser-1.4.0\\jars\\classes.jar;C:\\Users\\SAMSUNG\\.gradle\\caches\\8.13\\transforms\\b4fbe922da9249b7ae1b5da21f0d2494\\transformed\\loader-1.0.0\\jars\\classes.jar;C:\\Users\\SAMSUNG\\.gradle\\caches\\8.13\\transforms\\cd45aaa1a2a140baac4c23261b089f5e\\transformed\\autofill-1.0.0\\jars\\classes.jar;C:\\Users\\SAMSUNG\\.gradle\\caches\\8.13\\transforms\\9f9af90348fc9494548241709bcbfa1b\\transformed\\graphics-path-1.0.1\\jars\\classes.jar;C:\\Users\\SAMSUNG\\.gradle\\caches\\8.13\\transforms\\e03643d78318905397d1a66bb37cd7e4\\transformed\\core-1.17.0\\jars\\classes.jar;C:\\Users\\SAMSUNG\\.gradle\\caches\\8.13\\transforms\\42be78b04a20218530a2efd36813624d\\transformed\\savedstate-ktx-1.2.1\\jars\\classes.jar;C:\\Users\\SAMSUNG\\.gradle\\caches\\8.13\\transforms\\a7c74fd89a6eb4c486b473e0c4a98276\\transformed\\savedstate-1.2.1\\jars\\classes.jar;C:\\Users\\SAMSUNG\\.gradle\\caches\\8.13\\transforms\\bad446a2b8bbd8f02675022e02380bdd\\transformed\\lifecycle-service-2.8.6\\jars\\classes.jar;C:\\Users\\SAMSUNG\\.gradle\\caches\\8.13\\transforms\\d416f32bd706b35f7da26d88f96c76a2\\transformed\\lifecycle-livedata-2.8.6\\jars\\classes.jar;C:\\Users\\SAMSUNG\\.gradle\\caches\\8.13\\transforms\\96258b192308942dac5c3cd86b1cb53e\\transformed\\lifecycle-livedata-core-2.8.6\\jars\\classes.jar;C:\\Users\\SAMSUNG\\.gradle\\caches\\8.13\\transforms\\ed7fb8d251150ec0c6c633f6d81f9e51\\transformed\\lifecycle-runtime-release\\jars\\classes.jar;C:\\Users\\SAMSUNG\\.gradle\\caches\\8.13\\transforms\\9185caf63c44867364e5dfaf765b9418\\transformed\\lifecycle-viewmodel-2.8.6\\jars\\classes.jar;C:\\Users\\SAMSUNG\\.gradle\\caches\\8.13\\transforms\\481741b0bfc58e2bf5532ab959672d82\\transformed\\lifecycle-viewmodel-release\\jars\\classes.jar;C:\\Users\\SAMSUNG\\.gradle\\caches\\8.13\\transforms\\1e48ee4723a14afa66677966e624076a\\transformed\\lifecycle-process-2.8.6\\jars\\classes.jar;C:\\Users\\SAMSUNG\\.gradle\\caches\\8.13\\transforms\\a0657b594ecf574ef9f6bac19505c40a\\transformed\\lifecycle-runtime-compose-release\\jars\\classes.jar;C:\\Users\\SAMSUNG\\.gradle\\caches\\8.13\\transforms\\4c0d7b703cceeca21a944e22f6fa73b7\\transformed\\lifecycle-livedata-core-ktx-2.8.6\\jars\\classes.jar;C:\\Users\\SAMSUNG\\.gradle\\caches\\8.13\\transforms\\a9b64eadb9346a15dadde91bb373be3a\\transformed\\lifecycle-runtime-ktx-release\\jars\\classes.jar;C:\\Users\\SAMSUNG\\.gradle\\caches\\8.13\\transforms\\68fbb3e1e01b65f50511df0d1c37af7c\\transformed\\lifecycle-viewmodel-savedstate-2.8.6\\jars\\classes.jar;C:\\Users\\SAMSUNG\\.gradle\\caches\\8.13\\transforms\\e072c596c4e2e7477b09639065dbd6ac\\transformed\\lifecycle-viewmodel-ktx-2.8.6\\jars\\classes.jar;C:\\Users\\SAMSUNG\\.gradle\\caches\\8.13\\transforms\\76490c14ccb0b7c7e7265b485737238b\\transformed\\lifecycle-viewmodel-compose-release\\jars\\classes.jar;C:\\Users\\SAMSUNG\\.gradle\\caches\\8.13\\transforms\\0de686f6c56d0bd95e21bb5b684324d1\\transformed\\material-icons-extended-release\\jars\\classes.jar;C:\\Users\\SAMSUNG\\.gradle\\caches\\8.13\\transforms\\8b4a0708771db99066d397fdb0eb7707\\transformed\\material-icons-core-release\\jars\\classes.jar;C:\\Users\\SAMSUNG\\.gradle\\caches\\8.13\\transforms\\a65fbdeb98106b2f265af3d443ccfa14\\transformed\\ui-release\\jars\\classes.jar;C:\\Users\\SAMSUNG\\.gradle\\caches\\8.13\\transforms\\a54e03f100e6b6a89eea9121b64f669c\\transformed\\activity-ktx-1.11.0\\jars\\classes.jar;C:\\Users\\SAMSUNG\\.gradle\\caches\\8.13\\transforms\\fd0552bfd50c9db5509bfab48c4c7312\\transformed\\activity-compose-1.11.0\\jars\\classes.jar;C:\\Users\\SAMSUNG\\.gradle\\caches\\8.13\\transforms\\ff12e45ec3c4df6106dcfeb3c4548762\\transformed\\activity-1.11.0\\jars\\classes.jar;C:\\Users\\SAMSUNG\\.gradle\\caches\\8.13\\transforms\\d36857b881a60788517617ea94881146\\transformed\\runtime-saveable-release\\jars\\classes.jar;C:\\Users\\SAMSUNG\\.gradle\\caches\\8.13\\transforms\\29c15a5c7cb266d9fb1cc3a603b7ae49\\transformed\\runtime-release\\jars\\classes.jar;C:\\Users\\SAMSUNG\\.gradle\\caches\\8.13\\transforms\\2c7b18b5209bf5eee5d42e520d997155\\transformed\\room-runtime-2.6.1\\jars\\classes.jar;C:\\Users\\SAMSUNG\\.gradle\\caches\\8.13\\transforms\\4048cc8b0baf8c4ee47f2f5022f14526\\transformed\\room-ktx-2.6.1\\jars\\classes.jar;C:\\Users\\SAMSUNG\\.gradle\\caches\\8.13\\transforms\\9b7aa24f8e4b8d76f1d4ee1f0173a8a6\\transformed\\viewbinding-8.13.2\\jars\\classes.jar;C:\\Users\\SAMSUNG\\.gradle\\caches\\8.13\\transforms\\267825bee8fce472e01262d4c1c4a1cf\\transformed\\core-viewtree-1.0.0\\jars\\classes.jar;C:\\Users\\SAMSUNG\\.gradle\\caches\\8.13\\transforms\\f2a58de862f481a3e856b3a3a65b8d9a\\transformed\\sqlite-framework-2.4.0\\jars\\classes.jar;C:\\Users\\SAMSUNG\\.gradle\\caches\\8.13\\transforms\\f5458034d427d2311fc1544e309d5897\\transformed\\sqlite-2.4.0\\jars\\classes.jar;C:\\Users\\SAMSUNG\\.gradle\\caches\\8.13\\transforms\\1272dcf3c9e1670649981472669612d1\\transformed\\security-crypto-1.1.0-alpha06\\jars\\classes.jar;C:\\Users\\SAMSUNG\\.gradle\\caches\\8.13\\transforms\\ddb259f6bfabbfaef7de7fd70beaacab\\transformed\\cursoradapter-1.0.0\\jars\\classes.jar;C:\\Users\\SAMSUNG\\.gradle\\caches\\8.13\\transforms\\e686e5873317007a52a35e97313926b9\\transformed\\cardview-1.0.0\\jars\\classes.jar;C:\\Users\\SAMSUNG\\.gradle\\caches\\8.13\\transforms\\6384e82ce20b6f2191b2b796914b86b9\\transformed\\profileinstaller-1.4.0\\jars\\classes.jar;C:\\Users\\SAMSUNG\\.gradle\\caches\\8.13\\transforms\\68d876bf20cb61252860c3c2aea53594\\transformed\\core-runtime-2.2.0\\jars\\classes.jar;C:\\Users\\SAMSUNG\\.gradle\\caches\\8.13\\transforms\\fc0843fdae7073f6fc0c2f8b6497ef9a\\transformed\\monitor-1.4.0\\jars\\classes.jar;C:\\Users\\SAMSUNG\\.gradle\\caches\\8.13\\transforms\\a03304851ad7fdbbee81b556c217169e\\transformed\\startup-runtime-1.1.1\\jars\\classes.jar;C:\\Users\\SAMSUNG\\.gradle\\caches\\8.13\\transforms\\6fd340aa4d0005b00b23d4a67df19e60\\transformed\\tracing-1.2.0\\jars\\classes.jar;C:\\Users\\SAMSUNG\\.gradle\\caches\\8.13\\transforms\\c0d2c797b4fe94b29a1cfb5abe74f6a8\\transformed\\interpolator-1.0.0\\jars\\classes.jar;C:\\Users\\SAMSUNG\\.gradle\\caches\\8.13\\transforms\\9a149f333aaef6eedb40303a9dda8729\\transformed\\versionedparcelable-1.1.1\\jars\\classes.jar;C:\\Users\\SAMSUNG\\.gradle\\caches\\8.13\\transforms\\bee34f0906f9e896bb346fbc62832cdb\\transformed\\annotation-experimental-1.4.1\\jars\\classes.jar;C:\\Users\\SAMSUNG\\.gradle\\caches\\8.13\\transforms\\b77107035980f5b35a1a6d6e98743876\\transformed\\android-2.12.18\\jars\\classes.jar;C:\\Users\\SAMSUNG\\.gradle\\caches\\8.13\\transforms\\6d2d8203198c0c4e261db5c1368be499\\transformed\\vosk-android-0.3.47\\jars\\classes.jar;C:\\Users\\SAMSUNG\\.gradle\\caches\\8.13\\transforms\\d3cb734698b1fbf799bc99c3be2ea2b1\\transformed\\dagger-lint-aar-2.51.1\\jars\\classes.jar;C:\\Users\\SAMSUNG\\.gradle\\caches\\8.13\\transforms\\dc730b078ab986caff62c12f0549c549\\transformed\\multidex-2.0.1\\jars\\classes.jar;C:\\Users\\SAMSUNG\\.gradle\\caches\\8.13\\transforms\\905a1c9dcc549f3756efca1f2f4a5017\\transformed\\relinker-1.4.5\\jars\\classes.jar;C:\\Users\\SAMSUNG\\.gradle\\caches\\8.13\\transforms\\a18ffbcc81b63c384ffb55130af8ba0c\\transformed\\jna-5.13.0\\jars\\classes.jar;D:\\gradle-builds\\ezmap-app\\intermediates\\compile_and_runtime_not_namespaced_r_class_jar\\debug\\processDebugResources\\R.jar;C:\\Users\\SAMSUNG\\.gradle\\caches\\8.13\\transforms\\00882b63f0cbe1f37c53bb19d1f53d94\\transformed\\android.jar
Launcher Type: SUN_STANDARD

[Global flags]
     intx CICompilerCount                          = 4                                         {product} {ergonomic}
     uint ConcGCThreads                            = 3                                         {product} {ergonomic}
     uint G1ConcRefinementThreads                  = 10                                        {product} {ergonomic}
   size_t G1HeapRegionSize                         = 1048576                                   {product} {ergonomic}
    uintx GCDrainStackTargetSize                   = 64                                        {product} {ergonomic}
   size_t InitialHeapSize                          = 264241152                                 {product} {ergonomic}
   size_t MarkStackSize                            = 4194304                                   {product} {ergonomic}
   size_t MaxHeapSize                              = 536870912                                 {product} {command line}
   size_t MaxNewSize                               = 321912832                                 {product} {ergonomic}
   size_t MinHeapDeltaBytes                        = 1048576                                   {product} {ergonomic}
   size_t MinHeapSize                              = 8388608                                   {product} {ergonomic}
    uintx NonNMethodCodeHeapSize                   = 5839372                                {pd product} {ergonomic}
    uintx NonProfiledCodeHeapSize                  = 122909434                              {pd product} {ergonomic}
    uintx ProfiledCodeHeapSize                     = 122909434                              {pd product} {ergonomic}
    uintx ReservedCodeCacheSize                    = 251658240                              {pd product} {ergonomic}
     bool SegmentedCodeCache                       = true                                      {product} {ergonomic}
   size_t SoftMaxHeapSize                          = 536870912                              {manageable} {ergonomic}
     bool UseCompressedOops                        = true                           {product lp64_product} {ergonomic}
     bool UseG1GC                                  = true                                      {product} {ergonomic}
     bool UseLargePagesIndividualAllocation        = false                                  {pd product} {ergonomic}

Logging:
Log output configuration:
 #0: stdout all=warning uptime,level,tags foldmultilines=false
 #1: stderr all=off uptime,level,tags foldmultilines=false

Release file:
JAVA_VERSION="21.0.9" 
MODULES="java.base java.compiler java.datatransfer java.xml java.prefs java.desktop java.instrument java.logging java.management java.security.sasl java.naming java.rmi java.management.rmi java.net.http java.scripting java.security.jgss java.transaction.xa java.sql java.sql.rowset java.xml.crypto java.se java.smartcardio jdk.accessibility jdk.internal.jvmstat jdk.attach jdk.charsets jdk.internal.opt jdk.zipfs jdk.compiler jdk.crypto.ec jdk.crypto.cryptoki jdk.dynalink jdk.hotspot.agent jdk.httpserver jdk.internal.ed jdk.internal.le jdk.internal.vm.ci jdk.jartool jdk.javadoc jdk.jcmd jdk.jdeps jdk.jdwp.agent jdk.jdi jdk.jfr jdk.jlink jdk.jsobject jdk.localedata jdk.management jdk.management.agent jdk.management.jfr jdk.naming.dns jdk.naming.rmi jdk.net jdk.sctp jdk.security.auth jdk.security.jgss jdk.unsupported jdk.unsupported.desktop jdk.xml.dom" 
IMPLEMENTOR="JetBrains s.r.o." 
JAVA_RUNTIME_VERSION="21.0.9+-14787801-b1163.94" 
LIBC="default" 
OS_ARCH="x86_64" 
OS_NAME="Windows" 
SOURCE=".:git:0c757ddc9f2f" 

Environment Variables:
JAVA_HOME=D:/Program Files/Android/Android Studio/jbr
PATH=C:\Program Files\Git\mingw64\bin;C:\Program Files\Git\usr\bin;C:\Users\SAMSUNG\bin;C:\Python314\Scripts;C:\Python314;C:\Program Files\Java\jdk-8.0.412.8-hotspot\bin;C:\WINDOWS\system32;C:\WINDOWS;C:\WINDOWS\System32\Wbem;C:\WINDOWS\System32\WindowsPowerShell\v1.0;C:\WINDOWS\System32\OpenSSH;C:\Program Files\Bandizip;C:\ProgramData\Anaconda3;C:\ProgramData\Anaconda3\Scripts;C:\ProgramData\Anaconda3\Library\bin;C:\ProgramData\Anaconda3\Library\mingw-w64\bin;C:\Program Files (x86)\Windows Kits\10\Windows Performance Toolkit;C:\MinGW\bin;C:\Program Files\PuTTY;C:\Program Files (x86)\Microsoft SQL Server\160\Tools\Binn;C:\Program Files\Microsoft SQL Server\160\Tools\Binn;C:\Program Files\Microsoft SQL Server\Client SDK\ODBC\170\Tools\Binn;C:\Program Files\Microsoft SQL Server\160\DTS\Binn;C:\ProgramData\chocolatey\bin;D:\cursor\resources\app\bin;C:\Program Files\Pandoc;C:\Program Files\Tailscale;C:\Program Files\Docker\Docker\resources\bin;C:\Program Files\Git\cmd;C:\Program Files\GitHub CLI;D:\Program Files\nodejs;C:\Program Files\Redis;D:\Users\SAMSUNG\AppData\Local\Programs\Eclipse Adoptium\jdk-25.0.2.10-hotspot\bin;C:\Users\SAMSUNG\AppData\Local\pnpm;C:\Users\SAMSUNG\AppData\Local\pnpm;C:\Users\SAMSUNG\.cargo\bin;C:\Users\SAMSUNG\AppData\Local\Programs\Python\Python311\Scripts;C:\Users\SAMSUNG\AppData\Local\Programs\Python\Python311;C:\Users\SAMSUNG\AppData\Local\Programs\Python\Python310\Scripts;C:\Users\SAMSUNG\AppData\Local\Programs\Python\Python310;C:\Users\SAMSUNG\AppData\Local\Programs\Python\Python312\Scripts;C:\Users\SAMSUNG\AppData\Local\Programs\Python\Python312;C:\Users\SAMSUNG\AppData\Local\Microsoft\WindowsApps;C:\Users\SAMSUNG\Desktop\Microsoft VS Code\bin;C:\Program Files\JetBrains\PyCharm Community Edition 2023.3.1\bin;D:\Nmap;C:\Program Files\JetBrains\IntelliJ IDEA Community Edition 2024.1.4\bin;C:\Users\SAMSUNG\AppData\Local\Programs\cursor\resources\app\bin;C:\Users\SAMSUNG\AppData\Local\Programs\Ollama;C:\Users\SAMSUNG\AppData\Local\Programs\Antigravity\bin;C:\Users\SAMSUNG\.local\bin;C:\Users\SAMSUNG\AppData\Roaming\npm;D:\Users\SAMSUNG\flutter_windows_3.41.5-stable\flutter\bin;C:\Users\SAMSUNG\AppData\Local\Microsoft\WinGet\Packages\Gyan.FFmpeg_Microsoft.Winget.Source_8wekyb3d8bbwe\ffmpeg-8.1-full_build\bin;C:\Users\SAMSUNG\AppData\Local\Microsoft\WinGet\Packages\Rclone.Rclone_Microsoft.Winget.Source_8wekyb3d8bbwe\rclone-v1.73.3-windows-amd64
USERNAME=SAMSUNG
SHELL=C:\Program Files\Git\usr\bin\bash.exe
TERM=xterm-256color
OS=Windows_NT
PROCESSOR_IDENTIFIER=Intel64 Family 6 Model 186 Stepping 3, GenuineIntel
TMP=C:\Users\SAMSUNG\AppData\Local\Temp
TEMP=C:\Users\SAMSUNG\AppData\Local\Temp




Periodic native trim disabled

JNI global refs:
JNI global refs: 13, weak refs: 0

JNI global refs memory usage: 835, weak refs: 201

Process memory usage:
Resident Set Size: 72832K (0% of 16450440K total physical memory with 813456K free physical memory)

OOME stack traces (most recent first):
Classloader memory used:
Loader bootstrap                                                                       : 8861K
Loader java.net.URLClassLoader                                                         : 381K
Loader jdk.internal.loader.ClassLoaders$AppClassLoader                                 : 83744B

---------------  S Y S T E M  ---------------

OS:
 Windows 11 , 64 bit Build 26100 (10.0.26100.7920)
OS uptime: 3 days 13:43 hours
Hyper-V role detected

CPU: total 12 (initial active 12) (6 cores per cpu, 2 threads per core) family 6 model 186 stepping 3 microcode 0x410e, cx8, cmov, fxsr, ht, mmx, 3dnowpref, sse, sse2, sse3, ssse3, sse4.1, sse4.2, popcnt, lzcnt, tsc, tscinvbit, avx, avx2, aes, erms, clmul, bmi1, bmi2, adx, sha, fma, vzeroupper, clflush, clflushopt, clwb, hv, serialize, rdtscp, rdpid, fsrm, f16c, cet_ibt, cet_ss
Processor Information for processor 0
  Max Mhz: 1300, Current Mhz: 1300, Mhz Limit: 1300
Processor Information for processor 1
  Max Mhz: 1300, Current Mhz: 1300, Mhz Limit: 1300
Processor Information for processor 2
  Max Mhz: 1300, Current Mhz: 1300, Mhz Limit: 1300
Processor Information for processor 3
  Max Mhz: 1300, Current Mhz: 1300, Mhz Limit: 1300
Processor Information for processor 4
  Max Mhz: 1300, Current Mhz: 900, Mhz Limit: 897
Processor Information for processor 5
  Max Mhz: 1300, Current Mhz: 900, Mhz Limit: 897
Processor Information for processor 6
  Max Mhz: 1300, Current Mhz: 900, Mhz Limit: 897
Processor Information for processor 7
  Max Mhz: 1300, Current Mhz: 900, Mhz Limit: 897
Processor Information for processor 8
  Max Mhz: 1300, Current Mhz: 900, Mhz Limit: 897
Processor Information for processor 9
  Max Mhz: 1300, Current Mhz: 900, Mhz Limit: 897
Processor Information for processor 10
  Max Mhz: 1300, Current Mhz: 900, Mhz Limit: 897
Processor Information for processor 11
  Max Mhz: 1300, Current Mhz: 900, Mhz Limit: 897

Memory: 4k page, system-wide physical 16064M (792M free)
TotalPageFile size 45690M (AvailPageFile size 3M)
current process WorkingSet (physical memory assigned to process): 71M, peak: 71M
current process commit charge ("private bytes"): 351M, peak: 353M

vm_info: OpenJDK 64-Bit Server VM (21.0.9+-14787801-b1163.94) for windows-amd64 JRE (21.0.9+-14787801-b1163.94), built on 2026-01-27T21:15:44Z by "builder" with MS VC++ 16.10 / 16.11 (VS2019)

END.
